inventory_id,product_id,warehouse,stock_quantity,reorder_level,last_restock_date
1,1,WH-SOUTH,263,40.0,2024-04-27
2,2,WH-CENTRAL,256,35.0,2024-07-19
3,3,WH-NORTH,91,13.0,2024-08-24
4,4,WH-EAST,272,14.0,2024-03-15
5,5,WH-NORTH,443,39.0,2024-12-17
6,6,WH-SOUTH,82,25.0,2024-05-14
7,7,WH-CENTRAL,222,40.0,2025-03-19
8,8,WH-SOUTH,181,33.0,2024-05-13
9,9,WH-WEST,371,14.0,2024-03-27
10,10,WH-WEST,205,,2025-11-09
11,11,WH-WEST,397,24.0,2025-04-05
12,12,WH-SOUTH,165,49.0,2025-10-17
13,13,WH-WEST,80,22.0,2024-12-08
14,14,WH-SOUTH,383,28.0,2024-01-24
15,15,WH-SOUTH,449,40.0,2025-02-06
16,16,WH-CENTRAL,416,24.0,2025-01-25
17,17,WH-EAST,390,39.0,2024-01-11
18,18,WH-NORTH,277,35.0,2025-08-25
19,19,WH-EAST,122,39.0,2025-03-09
20,20,WH-NORTH,427,13.0,2025-06-05
21,21,WH-NORTH,282,40.0,2024-12-11
22,22,WH-SOUTH,301,33.0,2025-03-08
23,23,WH-WEST,138,14.0,2024-06-29
24,24,WH-WEST,410,41.0,2025-11-12
25,25,WH-WEST,217,20.0,2024-10-07
26,26,WH-EAST,498,46.0,2024-04-23
27,27,WH-WEST,160,20.0,2024-02-09
28,28,WH-CENTRAL,385,19.0,2025-03-21
29,29,WH-SOUTH,450,23.0,2025-11-19
30,30,WH-WEST,247,45.0,2025-09-19
31,31,WH-WEST,341,39.0,2025-05-06
32,32,WH-WEST,171,30.0,2025-11-24
33,33,WH-EAST,247,13.0,2025-05-20
34,34,WH-SOUTH,-10,,2024-08-25
35,35,WH-CENTRAL,368,20.0,2025-02-24
36,36,WH-WEST,63,41.0,2024-02-25
37,37,WH-NORTH,404,34.0,2024-06-04
38,38,WH-EAST,9,13.0,2024-10-19
39,39,WH-WEST,154,33.0,2024-05-21
40,40,WH-WEST,314,25.0,2025-10-29
41,41,WH-EAST,89,23.0,2025-11-27
42,42,WH-CENTRAL,338,43.0,2024-09-16
43,43,WH-NORTH,149,33.0,2025-05-11
44,44,WH-NORTH,306,28.0,2024-10-12
45,45,WH-CENTRAL,209,23.0,2024-04-07
46,46,WH-EAST,137,10.0,2024-08-23
47,47,WH-WEST,80,,2024-06-12
48,48,WH-CENTRAL,476,17.0,2024-08-17
49,49,WH-EAST,142,33.0,2024-05-30
50,50,WH-EAST,271,18.0,2024-03-19
51,51,WH-EAST,332,23.0,2024-06-01
52,52,WH-EAST,365,43.0,2025-09-26
53,53,WH-NORTH,307,24.0,2024-02-29
54,54,WH-EAST,70,13.0,2024-08-15
55,55,WH-CENTRAL,230,28.0,2025-01-04
56,56,WH-WEST,317,22.0,2024-09-05
57,57,WH-WEST,-10,21.0,2024-12-28
58,58,WH-SOUTH,149,37.0,2024-01-31
59,59,WH-CENTRAL,45,29.0,2025-03-29
60,60,WH-SOUTH,57,36.0,2025-01-29
61,61,WH-CENTRAL,167,31.0,2025-04-21
62,62,WH-EAST,368,25.0,2025-02-01
63,63,WH-SOUTH,473,22.0,2024-11-02
64,64,WH-EAST,445,14.0,2024-09-02
65,65,WH-CENTRAL,359,15.0,2024-06-07
66,66,WH-NORTH,499,26.0,2024-12-16
67,67,WH-NORTH,216,47.0,2024-01-19
68,68,WH-NORTH,139,45.0,2024-08-17
69,69,WH-NORTH,148,38.0,2025-04-19
70,70,WH-WEST,208,48.0,2024-03-17
71,71,WH-NORTH,42,48.0,2024-02-14
72,72,WH-CENTRAL,283,45.0,2025-04-01
73,73,WH-NORTH,66,29.0,2024-10-05
74,74,WH-WEST,260,13.0,2025-07-15
75,75,WH-EAST,298,39.0,2025-10-18
76,76,WH-SOUTH,361,39.0,2025-10-31
77,77,WH-EAST,82,45.0,2024-10-24
78,78,WH-EAST,216,38.0,2024-07-04
79,79,WH-SOUTH,331,41.0,2025-03-02
80,80,WH-NORTH,231,27.0,2025-03-15
81,81,WH-NORTH,466,21.0,2025-03-11
82,82,WH-CENTRAL,59,28.0,2024-08-13
83,83,WH-NORTH,481,49.0,2024-02-14
84,84,WH-NORTH,134,40.0,2024-05-27
85,85,WH-CENTRAL,479,18.0,2024-04-18
86,86,WH-SOUTH,178,14.0,2024-03-27
87,87,WH-CENTRAL,461,43.0,2025-10-10
88,88,WH-NORTH,77,33.0,2024-01-10
89,89,WH-NORTH,270,44.0,2025-02-25
90,90,WH-NORTH,415,30.0,2025-10-25
91,91,WH-CENTRAL,401,26.0,2024-09-09
92,92,WH-SOUTH,368,41.0,2025-01-03
93,93,WH-WEST,246,38.0,2025-05-02
94,94,WH-CENTRAL,321,43.0,2024-08-10
95,95,WH-SOUTH,3,12.0,2024-11-30
96,96,WH-NORTH,46,35.0,2025-07-25
97,97,WH-SOUTH,344,20.0,2025-06-05
98,98,WH-EAST,119,,2025-07-19
99,99,WH-EAST,313,42.0,2025-11-22
100,100,WH-WEST,413,36.0,2024-09-16
101,101,WH-NORTH,416,27.0,2025-06-06
102,102,WH-WEST,124,19.0,2025-02-25
103,103,WH-EAST,82,32.0,2025-04-11
104,104,WH-WEST,252,26.0,2025-06-01
105,105,WH-EAST,91,12.0,2025-06-08
106,106,WH-EAST,335,42.0,2025-09-12
107,107,WH-SOUTH,230,46.0,2024-09-01
108,108,WH-NORTH,101,11.0,2025-04-02
109,109,WH-EAST,36,13.0,2024-07-15
110,110,WH-NORTH,298,38.0,2025-02-20
111,111,WH-WEST,476,34.0,2025-06-09
112,112,WH-WEST,290,16.0,2025-07-07
113,113,WH-EAST,479,33.0,2024-10-21
114,114,WH-NORTH,222,28.0,2024-12-22
115,115,WH-EAST,45,32.0,2024-08-21
116,116,WH-EAST,260,18.0,2024-04-28
117,117,WH-SOUTH,3,23.0,2024-07-01
118,118,WH-WEST,363,30.0,2025-09-30
119,119,WH-NORTH,117,14.0,2024-08-04
120,120,WH-WEST,392,11.0,2025-11-13
121,121,WH-SOUTH,364,38.0,2024-06-18
122,122,WH-CENTRAL,365,26.0,2025-05-21
123,123,WH-WEST,317,48.0,2025-02-05
124,124,WH-SOUTH,156,20.0,2025-05-02
125,125,WH-WEST,277,37.0,2025-03-26
126,126,WH-NORTH,87,11.0,2025-05-09
127,127,WH-SOUTH,306,10.0,2025-09-25
128,128,WH-CENTRAL,2,45.0,2025-01-29
129,129,WH-WEST,135,35.0,2024-02-17
130,130,WH-SOUTH,239,44.0,2024-07-08
131,131,WH-CENTRAL,47,20.0,2025-05-10
132,132,WH-NORTH,484,47.0,2024-12-11
133,133,WH-WEST,257,30.0,2025-01-18
134,134,WH-EAST,195,21.0,2025-02-21
135,135,WH-NORTH,388,48.0,2024-09-24
136,136,WH-NORTH,11,40.0,2025-06-25
137,137,WH-NORTH,340,44.0,2025-05-21
138,138,WH-NORTH,226,46.0,2025-05-15
139,139,WH-CENTRAL,7,49.0,2025-05-15
140,140,WH-EAST,2,43.0,2025-09-15
141,141,WH-WEST,490,49.0,2025-02-20
142,142,WH-NORTH,122,38.0,2025-11-07
143,143,WH-WEST,60,25.0,2024-03-24
144,144,WH-SOUTH,223,45.0,2025-03-18
145,145,WH-NORTH,348,,2025-05-16
146,146,WH-NORTH,43,11.0,2024-11-30
147,147,WH-WEST,26,20.0,2024-07-20
148,148,WH-EAST,261,48.0,2025-01-20
149,149,WH-SOUTH,35,15.0,2024-09-12
150,150,WH-EAST,229,19.0,2025-09-28
151,151,WH-WEST,385,21.0,2024-09-06
152,152,WH-CENTRAL,271,23.0,2024-05-02
153,153,WH-NORTH,223,41.0,2025-02-07
154,154,WH-CENTRAL,209,27.0,2024-10-04
155,155,WH-WEST,221,36.0,2024-03-08
156,156,WH-WEST,345,47.0,2025-01-30
157,157,WH-WEST,-10,19.0,2025-01-11
158,158,WH-WEST,307,44.0,2024-05-01
159,159,WH-NORTH,485,30.0,2025-02-22
160,160,WH-CENTRAL,474,42.0,2025-02-01
161,161,WH-SOUTH,149,39.0,2025-06-25
162,162,WH-NORTH,47,45.0,2024-09-10
163,163,WH-WEST,273,38.0,2024-06-23
164,164,WH-WEST,123,43.0,2025-10-27
165,165,WH-NORTH,264,21.0,2025-01-27
166,166,WH-CENTRAL,404,42.0,2024-01-19
167,167,WH-CENTRAL,425,38.0,2025-07-28
168,168,WH-EAST,122,44.0,2024-05-17
169,169,WH-EAST,20,40.0,2025-07-04
170,170,WH-EAST,410,10.0,2025-05-08
171,171,WH-WEST,243,35.0,2025-11-09
172,172,WH-NORTH,451,11.0,2025-11-06
173,173,WH-NORTH,207,32.0,2024-07-11
174,174,WH-EAST,334,25.0,2025-06-20
175,175,WH-CENTRAL,38,49.0,2024-08-09
176,176,WH-EAST,385,49.0,2025-03-16
177,177,WH-NORTH,462,17.0,2025-02-22
178,178,WH-WEST,378,42.0,2024-02-08
179,179,WH-EAST,208,13.0,2024-01-04
180,180,WH-SOUTH,100,32.0,2024-02-10
181,181,WH-SOUTH,251,47.0,2024-03-30
182,182,WH-CENTRAL,417,12.0,2024-06-29
183,183,WH-NORTH,459,40.0,2025-09-26
184,184,WH-WEST,470,20.0,2024-12-29
185,185,WH-SOUTH,97,40.0,2025-07-11
186,186,WH-EAST,6,16.0,2025-08-09
187,187,WH-WEST,427,44.0,2025-05-29
188,188,WH-NORTH,397,31.0,2024-09-30
189,189,WH-EAST,371,45.0,2025-08-27
190,190,WH-WEST,165,30.0,2025-06-03
191,191,WH-NORTH,184,25.0,2025-06-04
192,192,WH-WEST,60,13.0,2025-09-23
193,193,WH-SOUTH,423,30.0,2025-02-23
194,194,WH-SOUTH,499,17.0,2025-01-05
195,195,WH-NORTH,4,10.0,2025-09-15
196,196,WH-SOUTH,303,39.0,2024-11-14
197,197,WH-NORTH,71,,2025-07-22
198,198,WH-CENTRAL,85,,2024-02-07
199,199,WH-SOUTH,401,20.0,2024-01-01
200,200,WH-WEST,325,32.0,2025-01-04
201,201,WH-WEST,311,31.0,2024-02-21
202,202,WH-NORTH,253,,2025-11-14
203,203,WH-CENTRAL,480,,2024-01-04
204,204,WH-EAST,77,25.0,2025-05-17
205,205,WH-WEST,318,39.0,2024-06-19
206,206,WH-CENTRAL,254,42.0,2025-11-08
207,207,WH-WEST,429,30.0,2024-09-24
208,208,WH-NORTH,37,31.0,2024-01-20
209,209,WH-NORTH,270,30.0,2024-01-19
210,210,WH-EAST,119,11.0,2025-01-22
211,211,WH-NORTH,184,30.0,2025-11-21
212,212,WH-EAST,328,30.0,2025-11-16
213,213,WH-NORTH,196,42.0,2024-08-24
214,214,WH-WEST,50,47.0,2024-12-03
215,215,WH-NORTH,475,33.0,2024-03-11
216,216,WH-SOUTH,379,18.0,2024-12-31
217,217,WH-CENTRAL,127,20.0,2025-02-23
218,218,WH-WEST,389,13.0,2024-06-24
219,219,WH-CENTRAL,224,36.0,2025-03-04
220,220,WH-SOUTH,433,49.0,2025-09-21
221,221,WH-CENTRAL,224,42.0,2024-01-01
222,222,WH-SOUTH,319,34.0,2024-06-09
223,223,WH-NORTH,59,20.0,2024-05-26
224,224,WH-NORTH,367,28.0,2024-03-27
225,225,WH-SOUTH,109,31.0,2024-04-26
226,226,WH-WEST,41,30.0,2025-03-14
227,227,WH-NORTH,150,17.0,2024-03-12
228,228,WH-WEST,224,42.0,2025-05-31
229,229,WH-CENTRAL,251,20.0,2025-09-12
230,230,WH-NORTH,193,18.0,2025-10-10
231,231,WH-SOUTH,153,14.0,2025-04-07
232,232,WH-SOUTH,309,10.0,2024-05-18
233,233,WH-NORTH,149,26.0,2024-02-29
234,234,WH-SOUTH,0,28.0,2024-06-11
235,235,WH-NORTH,292,13.0,2025-11-04
236,236,WH-EAST,474,49.0,2025-11-04
237,237,WH-NORTH,335,16.0,2024-09-24
238,238,WH-WEST,85,23.0,2024-08-16
239,239,WH-CENTRAL,159,26.0,2024-12-23
240,240,WH-SOUTH,69,29.0,2024-07-23
241,241,WH-CENTRAL,146,49.0,2025-11-16
242,242,WH-NORTH,492,23.0,2024-06-03
243,243,WH-NORTH,23,31.0,2024-09-15
244,244,WH-NORTH,388,,2024-10-27
245,245,WH-WEST,488,11.0,2024-03-28
246,246,WH-CENTRAL,75,12.0,2024-09-24
247,247,WH-CENTRAL,81,22.0,2025-08-22
248,248,WH-SOUTH,14,45.0,2024-04-08
249,249,WH-NORTH,233,47.0,2025-02-12
250,250,WH-SOUTH,298,22.0,2024-10-11
251,251,WH-WEST,166,27.0,2024-04-29
252,252,WH-EAST,241,44.0,2024-01-09
253,253,WH-WEST,95,12.0,2024-07-10
254,254,WH-EAST,10,15.0,2024-02-13
255,255,WH-NORTH,408,25.0,2024-09-20
256,256,WH-CENTRAL,237,15.0,2025-07-21
257,257,WH-CENTRAL,343,45.0,2025-05-18
258,258,WH-SOUTH,266,30.0,2025-10-25
259,259,WH-EAST,497,24.0,2024-10-25
260,260,WH-SOUTH,278,10.0,2025-05-10
261,261,WH-NORTH,39,13.0,2025-04-10
262,262,WH-CENTRAL,274,41.0,2024-05-31
263,263,WH-SOUTH,257,34.0,2024-07-31
264,264,WH-EAST,430,25.0,2025-01-05
265,265,WH-NORTH,351,19.0,2025-07-11
266,266,WH-NORTH,150,25.0,2024-11-19
267,267,WH-EAST,73,42.0,2024-06-08
268,268,WH-SOUTH,335,28.0,2025-11-26
269,269,WH-WEST,60,25.0,2024-03-21
270,270,WH-SOUTH,276,21.0,2025-10-31
271,271,WH-EAST,286,40.0,2025-07-20
272,272,WH-CENTRAL,82,20.0,2025-08-10
273,273,WH-SOUTH,223,25.0,2025-07-10
274,274,WH-WEST,488,45.0,2024-05-25
275,275,WH-SOUTH,78,47.0,2025-03-18
276,276,WH-CENTRAL,309,39.0,2025-06-13
277,277,WH-NORTH,375,16.0,2025-06-05
278,278,WH-SOUTH,133,18.0,2024-07-09
279,279,WH-NORTH,462,14.0,2024-05-06
280,280,WH-CENTRAL,179,49.0,2024-08-17
281,281,WH-WEST,386,25.0,2024-12-01
282,282,WH-SOUTH,234,38.0,2025-02-05
283,283,WH-NORTH,340,31.0,2025-08-08
284,284,WH-WEST,121,29.0,2025-06-22
285,285,WH-NORTH,322,46.0,2025-04-18
286,286,WH-NORTH,44,11.0,2024-07-03
287,287,WH-NORTH,474,34.0,2024-12-01
288,288,WH-SOUTH,349,21.0,2024-08-22
289,289,WH-NORTH,1,13.0,2024-06-13
290,290,WH-CENTRAL,105,41.0,2024-01-08
291,291,WH-EAST,465,43.0,2024-08-25
292,292,WH-WEST,174,42.0,2024-06-28
293,293,WH-WEST,-17,43.0,2025-02-04
294,294,WH-SOUTH,33,44.0,2024-02-13
295,295,WH-SOUTH,384,41.0,2024-07-08
296,296,WH-SOUTH,23,24.0,2024-02-01
297,297,WH-EAST,99,48.0,2025-03-24
298,298,WH-CENTRAL,171,49.0,2025-02-01
299,299,WH-WEST,239,16.0,2024-08-24
300,300,WH-WEST,63,27.0,2024-04-13
301,301,WH-SOUTH,122,47.0,2025-11-01
302,302,WH-SOUTH,117,32.0,2025-02-13
303,303,WH-CENTRAL,150,38.0,2025-04-20
304,304,WH-NORTH,306,12.0,2025-01-06
305,305,WH-CENTRAL,205,41.0,2025-07-18
306,306,WH-SOUTH,212,33.0,2025-09-19
307,307,WH-WEST,201,,2024-09-24
308,308,WH-CENTRAL,227,27.0,2025-04-28
309,309,WH-NORTH,262,45.0,2024-06-09
310,310,WH-EAST,417,21.0,2025-04-01
311,311,WH-EAST,21,40.0,2024-10-06
312,312,WH-WEST,116,35.0,2024-01-05
313,313,WH-NORTH,88,21.0,2025-10-30
314,314,WH-CENTRAL,30,33.0,2025-08-30
315,315,WH-SOUTH,67,18.0,2024-07-22
316,316,WH-SOUTH,267,48.0,2025-11-29
317,317,WH-NORTH,148,45.0,2024-08-09
318,318,WH-CENTRAL,1,42.0,2024-11-17
319,319,WH-NORTH,225,43.0,2025-08-18
320,320,WH-CENTRAL,180,27.0,2024-08-01
321,321,WH-EAST,44,48.0,2024-11-11
322,322,WH-CENTRAL,186,27.0,2025-04-10
323,323,WH-CENTRAL,437,47.0,2024-04-01
324,324,WH-SOUTH,0,49.0,2024-10-22
325,325,WH-WEST,485,11.0,2024-08-04
326,326,WH-SOUTH,419,28.0,2025-04-18
327,327,WH-EAST,185,32.0,2024-04-05
328,328,WH-NORTH,340,29.0,2024-06-11
329,329,WH-SOUTH,28,20.0,2025-05-12
330,330,WH-NORTH,318,42.0,2024-04-19
331,331,WH-SOUTH,265,34.0,2024-10-22
332,332,WH-WEST,276,23.0,2025-05-14
333,333,WH-WEST,198,19.0,2025-06-19
334,334,WH-SOUTH,393,26.0,2024-03-07
335,335,WH-SOUTH,323,41.0,2025-08-19
336,336,WH-NORTH,151,32.0,2025-05-21
337,337,WH-NORTH,306,15.0,2024-08-25
338,338,WH-EAST,45,23.0,2025-06-18
339,339,WH-EAST,493,24.0,2025-05-24
340,340,WH-SOUTH,138,22.0,2025-02-24
341,341,WH-WEST,86,18.0,2025-01-25
342,342,WH-EAST,367,13.0,2025-05-29
343,343,WH-EAST,74,11.0,2025-11-30
344,344,WH-CENTRAL,165,43.0,2025-02-08
345,345,WH-WEST,348,46.0,2025-07-20
346,346,WH-NORTH,413,15.0,2025-06-04
347,347,WH-NORTH,366,25.0,2025-08-22
348,348,WH-NORTH,402,44.0,2025-10-30
349,349,WH-CENTRAL,375,28.0,2024-05-15
350,350,WH-SOUTH,435,15.0,2024-04-25
351,351,WH-SOUTH,140,49.0,2025-02-14
352,352,WH-NORTH,480,24.0,2024-11-10
353,353,WH-WEST,291,16.0,2025-02-03
354,354,WH-CENTRAL,32,27.0,2025-07-12
355,355,WH-NORTH,220,10.0,2025-10-14
356,356,WH-NORTH,350,12.0,2024-10-19
357,357,WH-SOUTH,88,23.0,2025-05-17
358,358,WH-WEST,428,36.0,2024-05-17
359,359,WH-CENTRAL,406,29.0,2025-01-09
360,360,WH-CENTRAL,477,28.0,2024-01-16
361,361,WH-EAST,10,17.0,2024-12-18
362,362,WH-WEST,52,20.0,2025-01-16
363,363,WH-SOUTH,303,16.0,2025-05-29
364,364,WH-EAST,230,17.0,2025-03-30
365,365,WH-SOUTH,328,43.0,2024-09-07
366,366,WH-NORTH,182,15.0,2024-01-05
367,367,WH-EAST,67,24.0,2024-03-21
368,368,WH-SOUTH,302,45.0,2025-11-12
369,369,WH-NORTH,143,49.0,2025-10-07
370,370,WH-SOUTH,200,33.0,2024-08-15
371,371,WH-WEST,316,27.0,2024-06-30
372,372,WH-SOUTH,124,43.0,2024-11-01
373,373,WH-WEST,226,25.0,2025-04-27
374,374,WH-SOUTH,77,24.0,2024-09-06
375,375,WH-NORTH,147,19.0,2024-02-17
376,376,WH-WEST,11,11.0,2024-10-08
377,377,WH-CENTRAL,341,49.0,2024-07-01
378,378,WH-WEST,-1,35.0,2024-08-15
379,379,WH-NORTH,184,22.0,2024-04-24
380,380,WH-WEST,340,32.0,2025-04-06
381,381,WH-SOUTH,197,24.0,2025-01-03
382,382,WH-SOUTH,83,29.0,2024-07-08
383,383,WH-CENTRAL,284,37.0,2025-01-22
384,384,WH-WEST,153,12.0,2024-12-10
385,385,WH-SOUTH,113,25.0,2025-07-11
386,386,WH-WEST,49,22.0,2025-10-31
387,387,WH-EAST,171,34.0,2024-04-01
388,388,WH-SOUTH,134,26.0,2025-09-10
389,389,WH-WEST,21,20.0,2025-05-08
390,390,WH-SOUTH,293,41.0,2025-04-29
391,391,WH-EAST,269,13.0,2024-09-19
392,392,WH-EAST,205,23.0,2024-08-28
393,393,WH-SOUTH,480,45.0,2024-01-04
394,394,WH-EAST,81,31.0,2025-11-18
395,395,WH-SOUTH,349,45.0,2025-02-28
396,396,WH-NORTH,89,49.0,2024-10-08
397,397,WH-CENTRAL,476,34.0,2025-01-15
398,398,WH-NORTH,308,11.0,2024-01-29
399,399,WH-EAST,125,45.0,2024-05-01
400,400,WH-SOUTH,191,24.0,2025-03-12
401,401,WH-NORTH,265,33.0,2024-12-25
402,402,WH-WEST,309,49.0,2025-07-04
403,403,WH-WEST,51,47.0,2025-04-06
404,404,WH-WEST,377,49.0,2025-02-25
405,405,WH-SOUTH,225,31.0,2025-07-24
406,406,WH-EAST,181,44.0,2024-02-17
407,407,WH-SOUTH,386,46.0,2025-04-28
408,408,WH-EAST,47,45.0,2025-05-15
409,409,WH-CENTRAL,237,47.0,2024-07-11
410,410,WH-SOUTH,231,17.0,2024-05-16
411,411,WH-CENTRAL,446,20.0,2024-05-29
412,412,WH-SOUTH,260,27.0,2024-05-18
413,413,WH-CENTRAL,90,16.0,2025-01-01
414,414,WH-CENTRAL,262,41.0,2024-04-04
415,415,WH-SOUTH,209,30.0,2025-04-06
416,416,WH-NORTH,349,38.0,2024-03-14
417,417,WH-WEST,229,39.0,2024-01-19
418,418,WH-CENTRAL,481,19.0,2024-08-11
419,419,WH-WEST,71,44.0,2024-05-14
420,420,WH-SOUTH,31,41.0,2025-11-23
421,421,WH-CENTRAL,457,48.0,2024-07-31
422,422,WH-WEST,163,13.0,2024-06-04
423,423,WH-WEST,478,40.0,2024-05-17
424,424,WH-EAST,235,35.0,2024-09-18
425,425,WH-NORTH,490,40.0,2025-02-28
426,426,WH-WEST,288,33.0,2025-07-01
427,427,WH-SOUTH,400,48.0,2024-09-12
428,428,WH-SOUTH,365,31.0,2025-03-14
429,429,WH-EAST,484,42.0,2024-12-03
430,430,WH-WEST,175,24.0,2025-08-15
431,431,WH-CENTRAL,35,48.0,2025-02-02
432,432,WH-SOUTH,250,14.0,2024-07-21
433,433,WH-CENTRAL,390,28.0,2025-05-07
434,434,WH-SOUTH,263,36.0,2025-07-28
435,435,WH-CENTRAL,52,11.0,2024-11-21
436,436,WH-NORTH,423,38.0,2025-11-22
437,437,WH-WEST,489,15.0,2025-09-07
438,438,WH-NORTH,456,10.0,2024-05-17
439,439,WH-NORTH,75,43.0,2025-07-04
440,440,WH-WEST,226,48.0,2025-02-24
441,441,WH-CENTRAL,440,34.0,2025-01-09
442,442,WH-NORTH,29,30.0,2024-12-25
443,443,WH-WEST,74,21.0,2025-08-20
444,444,WH-CENTRAL,38,24.0,2025-03-03
445,445,WH-WEST,465,36.0,2025-01-11
446,446,WH-WEST,58,34.0,2024-02-04
447,447,WH-NORTH,122,22.0,2024-11-09
448,448,WH-WEST,455,25.0,2025-09-27
449,449,WH-WEST,64,45.0,2025-05-13
450,450,WH-SOUTH,34,24.0,2024-02-05
451,451,WH-NORTH,33,40.0,2025-09-10
452,452,WH-CENTRAL,216,29.0,2025-08-01
453,453,WH-NORTH,56,47.0,2025-01-17
454,454,WH-WEST,290,18.0,2024-01-16
455,455,WH-SOUTH,223,40.0,2025-01-28
456,456,WH-SOUTH,92,16.0,2024-02-08
457,457,WH-EAST,112,48.0,2024-08-12
458,458,WH-EAST,291,23.0,2025-03-16
459,459,WH-SOUTH,179,24.0,2025-10-01
460,460,WH-NORTH,102,37.0,2024-09-07
461,461,WH-NORTH,330,20.0,2025-08-25
462,462,WH-WEST,261,33.0,2025-10-04
463,463,WH-EAST,380,23.0,2024-01-15
464,464,WH-SOUTH,2,45.0,2024-06-16
465,465,WH-WEST,34,43.0,2025-05-11
466,466,WH-CENTRAL,396,19.0,2025-06-13
467,467,WH-CENTRAL,144,13.0,2024-10-01
468,468,WH-NORTH,98,24.0,2025-04-04
469,469,WH-WEST,63,31.0,2025-03-04
470,470,WH-WEST,309,29.0,2025-06-01
471,471,WH-SOUTH,461,16.0,2025-05-18
472,472,WH-WEST,482,12.0,2024-03-01
473,473,WH-SOUTH,382,38.0,2024-04-20
474,474,WH-EAST,139,,2024-04-02
475,475,WH-WEST,361,15.0,2025-10-14
476,476,WH-NORTH,96,17.0,2025-10-01
477,477,WH-NORTH,157,23.0,2025-07-12
478,478,WH-WEST,409,47.0,2024-03-22
479,479,WH-EAST,435,23.0,2025-02-05
480,480,WH-CENTRAL,177,44.0,2024-05-11
481,481,WH-NORTH,74,17.0,2024-09-14
482,482,WH-EAST,330,18.0,2024-07-05
483,483,WH-WEST,431,15.0,2025-08-03
484,484,WH-EAST,63,41.0,2024-04-11
485,485,WH-CENTRAL,203,31.0,2025-03-28
486,486,WH-CENTRAL,162,35.0,2025-11-19
487,487,WH-CENTRAL,308,35.0,2025-04-25
488,488,WH-SOUTH,81,11.0,2024-02-25
489,489,WH-NORTH,451,34.0,2025-09-27
490,490,WH-CENTRAL,411,25.0,2025-03-26
491,491,WH-EAST,15,18.0,2024-11-15
492,492,WH-NORTH,49,40.0,2025-04-06
493,493,WH-CENTRAL,486,14.0,2025-09-07
494,494,WH-EAST,359,47.0,2024-11-29
495,495,WH-NORTH,8,23.0,2025-01-06
496,496,WH-NORTH,358,42.0,2024-11-12
497,497,WH-WEST,373,11.0,2024-02-20
498,498,WH-EAST,96,42.0,2025-07-04
499,499,WH-WEST,217,40.0,2024-03-29
500,500,WH-CENTRAL,352,16.0,2024-10-03
501,501,WH-NORTH,184,19.0,2024-09-27
502,502,WH-EAST,266,32.0,2024-07-15
503,503,WH-EAST,193,14.0,2024-10-08
504,504,WH-SOUTH,112,38.0,2025-03-08
505,505,WH-CENTRAL,49,22.0,2024-08-05
506,506,WH-NORTH,197,33.0,2024-04-30
507,507,WH-CENTRAL,363,43.0,2025-08-31
508,508,WH-SOUTH,375,11.0,2025-11-10
509,509,WH-SOUTH,194,10.0,2024-11-17
510,510,WH-EAST,353,36.0,2024-08-16
511,511,WH-SOUTH,211,18.0,2024-02-03
512,512,WH-CENTRAL,54,39.0,2024-01-26
513,513,WH-NORTH,138,29.0,2024-10-02
514,514,WH-WEST,115,48.0,2025-10-13
515,515,WH-CENTRAL,454,42.0,2025-05-26
516,516,WH-SOUTH,182,31.0,2024-09-01
517,517,WH-SOUTH,430,16.0,2025-11-08
518,518,WH-EAST,29,25.0,2024-10-27
519,519,WH-EAST,11,15.0,2024-07-12
520,520,WH-EAST,220,35.0,2024-10-25
521,521,WH-CENTRAL,179,33.0,2024-05-28
522,522,WH-WEST,290,13.0,2025-09-11
523,523,WH-EAST,225,27.0,2024-09-09
524,524,WH-NORTH,494,21.0,2025-04-05
525,525,WH-NORTH,34,32.0,2024-09-29
526,526,WH-EAST,59,47.0,2025-09-23
527,527,WH-EAST,374,17.0,2025-03-25
528,528,WH-WEST,215,48.0,2024-12-07
529,529,WH-WEST,107,11.0,2024-04-02
530,530,WH-CENTRAL,314,36.0,2025-09-23
531,531,WH-CENTRAL,1,15.0,2025-01-17
532,532,WH-NORTH,112,29.0,2024-07-18
533,533,WH-WEST,384,35.0,2025-09-06
534,534,WH-CENTRAL,210,19.0,2024-02-08
535,535,WH-CENTRAL,280,24.0,2024-08-07
536,536,WH-EAST,349,39.0,2025-01-10
537,537,WH-WEST,289,10.0,2024-08-25
538,538,WH-CENTRAL,338,39.0,2024-11-29
539,539,WH-EAST,441,32.0,2024-07-04
540,540,WH-NORTH,364,22.0,2024-04-01
541,541,WH-SOUTH,169,13.0,2024-01-26
542,542,WH-WEST,86,34.0,2024-04-20
543,543,WH-NORTH,370,32.0,2025-10-29
544,544,WH-NORTH,67,37.0,2025-02-06
545,545,WH-WEST,121,14.0,2024-12-08
546,546,WH-SOUTH,43,45.0,2024-09-26
547,547,WH-EAST,65,43.0,2025-05-10
548,548,WH-NORTH,118,20.0,2024-04-08
549,549,WH-NORTH,269,10.0,2024-07-12
550,550,WH-SOUTH,59,23.0,2025-04-04
551,551,WH-EAST,256,32.0,2024-12-01
552,552,WH-NORTH,316,38.0,2025-06-23
553,553,WH-SOUTH,393,38.0,2025-09-19
554,554,WH-WEST,196,24.0,2025-07-30
555,555,WH-SOUTH,36,26.0,2024-05-08
556,556,WH-SOUTH,270,15.0,2024-03-05
557,557,WH-CENTRAL,301,48.0,2024-04-28
558,558,WH-NORTH,52,43.0,2025-07-02
559,559,WH-EAST,93,27.0,2025-10-01
560,560,WH-WEST,80,46.0,2025-10-09
561,561,WH-CENTRAL,493,29.0,2024-07-27
562,562,WH-SOUTH,252,11.0,2025-08-11
563,563,WH-WEST,480,44.0,2025-01-10
564,564,WH-EAST,144,12.0,2025-07-29
565,565,WH-WEST,168,21.0,2025-01-18
566,566,WH-WEST,407,36.0,2024-04-12
567,567,WH-NORTH,177,12.0,2024-02-25
568,568,WH-EAST,111,48.0,2025-11-01
569,569,WH-SOUTH,48,27.0,2024-10-25
570,570,WH-NORTH,305,26.0,2024-09-02
571,571,WH-NORTH,124,31.0,2024-09-06
572,572,WH-SOUTH,147,34.0,2024-09-22
573,573,WH-CENTRAL,227,35.0,2025-10-23
574,574,WH-EAST,302,18.0,2024-02-13
575,575,WH-WEST,409,31.0,2024-03-24
576,576,WH-CENTRAL,208,19.0,2025-07-06
577,577,WH-EAST,269,26.0,2025-01-19
578,578,WH-EAST,367,41.0,2024-03-30
579,579,WH-WEST,204,29.0,2024-01-25
580,580,WH-CENTRAL,203,29.0,2024-06-05
581,581,WH-CENTRAL,53,46.0,2024-07-01
582,582,WH-CENTRAL,51,18.0,2024-01-10
583,583,WH-WEST,155,15.0,2024-05-31
584,584,WH-WEST,29,19.0,2025-05-31
585,585,WH-EAST,131,,2025-08-21
586,586,WH-CENTRAL,413,48.0,2025-09-20
587,587,WH-SOUTH,66,28.0,2024-09-29
588,588,WH-EAST,30,35.0,2024-08-11
589,589,WH-SOUTH,263,34.0,2025-11-30
590,590,WH-EAST,18,17.0,2025-06-22
591,591,WH-SOUTH,219,47.0,2025-01-11
592,592,WH-WEST,352,24.0,2024-06-27
593,593,WH-EAST,210,16.0,2024-08-12
594,594,WH-EAST,377,39.0,2024-12-26
595,595,WH-NORTH,476,18.0,2025-01-14
596,596,WH-SOUTH,440,42.0,2024-01-10
597,597,WH-EAST,226,10.0,2025-11-02
598,598,WH-EAST,492,39.0,2025-02-06
599,599,WH-WEST,142,46.0,2025-02-16
600,600,WH-SOUTH,462,30.0,2024-05-28
601,601,WH-CENTRAL,279,42.0,2025-06-19
602,602,WH-SOUTH,25,21.0,2025-05-31
603,603,WH-CENTRAL,165,39.0,2024-03-07
604,604,WH-EAST,422,16.0,2025-02-20
605,605,WH-SOUTH,480,34.0,2025-04-05
606,606,WH-SOUTH,360,24.0,2025-08-07
607,607,WH-SOUTH,321,27.0,2024-05-24
608,608,WH-SOUTH,204,14.0,2025-09-06
609,609,WH-SOUTH,167,38.0,2024-11-19
610,610,WH-NORTH,256,18.0,2024-03-08
611,611,WH-NORTH,72,16.0,2024-03-14
612,612,WH-EAST,183,31.0,2024-05-18
613,613,WH-CENTRAL,107,15.0,2024-07-16
614,614,WH-SOUTH,483,37.0,2024-12-13
615,615,WH-WEST,197,16.0,2025-06-08
616,616,WH-EAST,76,29.0,2024-05-10
617,617,WH-EAST,78,37.0,2025-11-25
618,618,WH-SOUTH,403,31.0,2024-04-23
619,619,WH-SOUTH,341,22.0,2025-02-23
620,620,WH-CENTRAL,4,49.0,2025-10-12
621,621,WH-NORTH,360,47.0,2025-08-05
622,622,WH-EAST,189,32.0,2025-03-29
623,623,WH-EAST,469,39.0,2025-05-15
624,624,WH-SOUTH,459,35.0,2024-04-03
625,625,WH-EAST,18,45.0,2024-01-07
626,626,WH-WEST,87,27.0,2024-10-30
627,627,WH-CENTRAL,339,49.0,2024-03-03
628,628,WH-SOUTH,263,29.0,2024-09-07
629,629,WH-CENTRAL,492,13.0,2024-06-05
630,630,WH-EAST,492,26.0,2025-10-03
631,631,WH-NORTH,56,25.0,2025-09-08
632,632,WH-NORTH,343,,2025-07-27
633,633,WH-WEST,402,44.0,2025-05-14
634,634,WH-WEST,259,39.0,2024-04-17
635,635,WH-SOUTH,191,38.0,2024-02-03
636,636,WH-WEST,63,39.0,2025-04-02
637,637,WH-EAST,168,40.0,2025-03-25
638,638,WH-SOUTH,404,24.0,2024-09-15
639,639,WH-NORTH,-7,33.0,2024-11-26
640,640,WH-CENTRAL,460,23.0,2024-12-08
641,641,WH-CENTRAL,366,31.0,2024-06-16
642,642,WH-EAST,179,35.0,2024-08-07
643,643,WH-EAST,123,20.0,2024-10-19
644,644,WH-WEST,110,14.0,2025-02-26
645,645,WH-EAST,310,39.0,2025-10-31
646,646,WH-CENTRAL,432,21.0,2025-01-11
647,647,WH-SOUTH,41,,2025-05-26
648,648,WH-CENTRAL,217,34.0,2025-07-18
649,649,WH-WEST,151,44.0,2024-03-20
650,650,WH-EAST,436,24.0,2025-04-02
651,651,WH-NORTH,116,31.0,2024-12-03
652,652,WH-WEST,33,16.0,2025-02-04
653,653,WH-NORTH,240,39.0,2024-01-27
654,654,WH-SOUTH,-4,33.0,2025-09-26
655,655,WH-CENTRAL,91,32.0,2025-10-28
656,656,WH-NORTH,272,24.0,2024-01-03
657,657,WH-EAST,11,37.0,2024-05-28
658,658,WH-NORTH,364,10.0,2024-05-06
659,659,WH-WEST,48,47.0,2025-06-30
660,660,WH-CENTRAL,99,21.0,2025-02-22
661,661,WH-SOUTH,238,23.0,2024-05-04
662,662,WH-WEST,322,49.0,2025-07-23
663,663,WH-EAST,335,24.0,2024-09-04
664,664,WH-NORTH,207,42.0,2024-11-18
665,665,WH-EAST,255,25.0,2024-09-28
666,666,WH-NORTH,158,27.0,2024-12-30
667,667,WH-CENTRAL,125,11.0,2024-12-02
668,668,WH-SOUTH,344,27.0,2024-07-11
669,669,WH-CENTRAL,93,24.0,2024-10-24
670,670,WH-CENTRAL,227,24.0,2025-09-27
671,671,WH-SOUTH,270,31.0,2024-12-18
672,672,WH-EAST,342,20.0,2025-10-03
673,673,WH-SOUTH,379,10.0,2025-01-20
674,674,WH-NORTH,167,16.0,2025-06-22
675,675,WH-NORTH,2,25.0,2024-07-24
676,676,WH-CENTRAL,72,12.0,2025-07-07
677,677,WH-WEST,427,25.0,2024-07-04
678,678,WH-NORTH,416,,2024-01-14
679,679,WH-CENTRAL,123,28.0,2024-04-22
680,680,WH-WEST,250,15.0,2024-01-16
681,681,WH-SOUTH,-3,17.0,2025-10-24
682,682,WH-WEST,268,27.0,2025-11-30
683,683,WH-EAST,95,20.0,2025-06-17
684,684,WH-CENTRAL,256,13.0,2024-03-16
685,685,WH-CENTRAL,145,10.0,2025-09-21
686,686,WH-CENTRAL,362,36.0,2025-06-04
687,687,WH-NORTH,22,,2024-08-20
688,688,WH-EAST,365,38.0,2024-12-17
689,689,WH-WEST,440,31.0,2025-04-08
690,690,WH-SOUTH,64,28.0,2024-01-17
691,691,WH-WEST,164,13.0,2024-12-17
692,692,WH-EAST,353,32.0,2025-05-27
693,693,WH-WEST,281,32.0,2024-05-11
694,694,WH-EAST,253,24.0,2024-11-06
695,695,WH-NORTH,200,49.0,2025-01-07
696,696,WH-EAST,326,35.0,2025-05-29
697,697,WH-EAST,132,24.0,2025-11-06
698,698,WH-EAST,370,36.0,2025-08-16
699,699,WH-EAST,476,39.0,2025-03-11
700,700,WH-WEST,148,11.0,2025-02-12
701,701,WH-CENTRAL,75,15.0,2025-02-26
702,702,WH-NORTH,244,38.0,2025-01-16
703,703,WH-SOUTH,412,22.0,2024-02-11
704,704,WH-WEST,173,36.0,2025-05-03
705,705,WH-WEST,129,29.0,2025-05-16
706,706,WH-WEST,167,41.0,2024-12-24
707,707,WH-EAST,136,11.0,2025-09-01
708,708,WH-SOUTH,490,28.0,2025-04-15
709,709,WH-WEST,302,46.0,2024-09-10
710,710,WH-WEST,299,34.0,2024-01-14
711,711,WH-SOUTH,399,45.0,2024-02-11
712,712,WH-CENTRAL,34,31.0,2024-09-03
713,713,WH-CENTRAL,84,11.0,2024-11-19
714,714,WH-NORTH,382,47.0,2024-04-26
715,715,WH-SOUTH,463,21.0,2024-05-12
716,716,WH-SOUTH,138,14.0,2024-06-10
717,717,WH-EAST,369,32.0,2025-06-30
718,718,WH-WEST,174,37.0,2025-06-23
719,719,WH-CENTRAL,425,38.0,2024-09-25
720,720,WH-EAST,485,,2024-04-30
721,721,WH-NORTH,92,37.0,2024-03-18
722,722,WH-CENTRAL,378,40.0,2024-03-01
723,723,WH-WEST,233,18.0,2024-09-30
724,724,WH-NORTH,383,37.0,2024-02-01
725,725,WH-NORTH,241,20.0,2024-08-21
726,726,WH-WEST,3,39.0,2025-11-04
727,727,WH-EAST,83,34.0,2024-12-21
728,728,WH-WEST,113,23.0,2025-07-29
729,729,WH-SOUTH,83,14.0,2024-03-31
730,730,WH-CENTRAL,191,18.0,2024-07-06
731,731,WH-WEST,90,28.0,2025-10-24
732,732,WH-CENTRAL,147,36.0,2024-09-25
733,733,WH-SOUTH,199,18.0,2025-03-29
734,734,WH-SOUTH,130,20.0,2025-11-14
735,735,WH-SOUTH,245,29.0,2025-01-20
736,736,WH-WEST,360,46.0,2024-08-01
737,737,WH-EAST,128,28.0,2025-01-07
738,738,WH-CENTRAL,449,20.0,2024-02-08
739,739,WH-WEST,172,21.0,2024-03-19
740,740,WH-NORTH,368,37.0,2024-01-06
741,741,WH-EAST,429,22.0,2025-09-10
742,742,WH-CENTRAL,295,32.0,2025-04-14
743,743,WH-EAST,294,36.0,2024-07-27
744,744,WH-WEST,444,35.0,2024-06-03
745,745,WH-CENTRAL,425,35.0,2025-04-23
746,746,WH-WEST,233,45.0,2025-10-05
747,747,WH-SOUTH,271,10.0,2024-07-28
748,748,WH-NORTH,348,31.0,2024-08-13
749,749,WH-NORTH,122,34.0,2025-08-20
750,750,WH-SOUTH,8,20.0,2025-09-17
751,751,WH-EAST,149,45.0,2025-10-01
752,752,WH-EAST,175,12.0,2024-07-24
753,753,WH-WEST,269,14.0,2024-03-25
754,754,WH-NORTH,221,12.0,2024-11-03
755,755,WH-EAST,14,13.0,2024-07-26
756,756,WH-WEST,299,49.0,2025-09-10
757,757,WH-SOUTH,295,47.0,2024-01-26
758,758,WH-WEST,49,36.0,2025-03-19
759,759,WH-SOUTH,375,15.0,2025-09-26
760,760,WH-NORTH,448,26.0,2025-11-14
761,761,WH-NORTH,345,14.0,2025-03-31
762,762,WH-EAST,41,15.0,2025-10-26
763,763,WH-WEST,82,34.0,2024-02-22
764,764,WH-NORTH,303,18.0,2024-09-08
765,765,WH-CENTRAL,308,10.0,2024-01-07
766,766,WH-EAST,494,47.0,2025-11-17
767,767,WH-CENTRAL,120,31.0,2025-09-23
768,768,WH-WEST,393,36.0,2024-01-20
769,769,WH-CENTRAL,316,38.0,2024-01-13
770,770,WH-WEST,196,42.0,2024-09-13
771,771,WH-EAST,73,15.0,2024-06-29
772,772,WH-WEST,412,37.0,2025-08-15
773,773,WH-NORTH,476,32.0,2024-04-22
774,774,WH-EAST,146,46.0,2025-07-07
775,775,WH-CENTRAL,61,26.0,2025-01-23
776,776,WH-CENTRAL,416,48.0,2024-09-21
777,777,WH-NORTH,153,11.0,2024-04-12
778,778,WH-EAST,105,34.0,2025-11-29
779,779,WH-SOUTH,326,39.0,2025-03-08
780,780,WH-CENTRAL,258,22.0,2024-11-03
781,781,WH-NORTH,0,11.0,2024-09-16
782,782,WH-SOUTH,37,34.0,2025-09-26
783,783,WH-EAST,272,46.0,2025-07-28
784,784,WH-WEST,383,10.0,2025-07-21
785,785,WH-SOUTH,14,18.0,2025-03-07
786,786,WH-EAST,286,47.0,2025-09-13
787,787,WH-SOUTH,49,36.0,2024-07-28
788,788,WH-NORTH,381,30.0,2025-05-07
789,789,WH-EAST,174,30.0,2024-10-10
790,790,WH-EAST,348,26.0,2025-02-23
791,791,WH-WEST,20,,2025-11-29
792,792,WH-EAST,287,14.0,2025-11-20
793,793,WH-NORTH,48,11.0,2024-12-24
794,794,WH-EAST,56,26.0,2025-02-05
795,795,WH-EAST,134,27.0,2025-09-20
796,796,WH-CENTRAL,424,10.0,2025-11-20
797,797,WH-NORTH,280,37.0,2025-06-29
798,798,WH-CENTRAL,485,15.0,2024-02-15
799,799,WH-SOUTH,195,25.0,2024-08-13
800,800,WH-SOUTH,345,41.0,2025-09-19
801,801,WH-NORTH,101,27.0,2025-06-21
802,802,WH-CENTRAL,436,12.0,2025-06-03
803,803,WH-SOUTH,454,,2025-04-12
804,804,WH-CENTRAL,459,25.0,2024-10-17
805,805,WH-EAST,488,21.0,2024-10-09
806,806,WH-EAST,381,44.0,2025-07-20
807,807,WH-EAST,418,23.0,2024-07-24
808,808,WH-EAST,53,30.0,2025-04-24
809,809,WH-EAST,131,17.0,2025-05-23
810,810,WH-NORTH,439,47.0,2025-08-14
811,811,WH-CENTRAL,95,31.0,2024-08-11
812,812,WH-CENTRAL,206,22.0,2025-06-03
813,813,WH-EAST,249,28.0,2024-03-15
814,814,WH-SOUTH,168,37.0,2024-04-06
815,815,WH-NORTH,241,49.0,2024-10-19
816,816,WH-SOUTH,172,23.0,2024-02-08
817,817,WH-CENTRAL,142,16.0,2025-10-25
818,818,WH-EAST,12,31.0,2025-09-23
819,819,WH-EAST,422,48.0,2024-02-04
820,820,WH-WEST,165,25.0,2025-08-09
821,821,WH-WEST,7,29.0,2024-12-22
822,822,WH-EAST,480,32.0,2025-05-06
823,823,WH-SOUTH,418,47.0,2025-09-12
824,824,WH-NORTH,132,35.0,2025-02-07
825,825,WH-SOUTH,187,24.0,2024-03-22
826,826,WH-SOUTH,190,38.0,2024-01-02
827,827,WH-CENTRAL,112,37.0,2024-12-13
828,828,WH-SOUTH,418,41.0,2025-10-26
829,829,WH-SOUTH,-13,32.0,2025-02-04
830,830,WH-CENTRAL,96,29.0,2024-09-18
831,831,WH-CENTRAL,324,13.0,2024-01-22
832,832,WH-CENTRAL,373,38.0,2025-10-02
833,833,WH-CENTRAL,313,12.0,2024-08-17
834,834,WH-CENTRAL,358,34.0,2025-05-08
835,835,WH-NORTH,329,39.0,2025-04-30
836,836,WH-WEST,440,13.0,2024-06-26
837,837,WH-WEST,127,28.0,2024-02-14
838,838,WH-NORTH,180,23.0,2024-09-26
839,839,WH-NORTH,497,49.0,2024-08-09
840,840,WH-SOUTH,404,48.0,2025-05-05
841,841,WH-NORTH,217,37.0,2025-07-27
842,842,WH-WEST,473,43.0,2024-06-04
843,843,WH-EAST,308,26.0,2025-01-04
844,844,WH-EAST,17,49.0,2024-01-29
845,845,WH-EAST,71,29.0,2024-05-29
846,846,WH-SOUTH,158,18.0,2025-06-17
847,847,WH-WEST,415,18.0,2025-07-09
848,848,WH-CENTRAL,23,49.0,2025-06-27
849,849,WH-CENTRAL,468,16.0,2024-04-09
850,850,WH-EAST,54,27.0,2025-01-20
851,851,WH-SOUTH,274,41.0,2024-10-22
852,852,WH-EAST,127,16.0,2025-11-25
853,853,WH-NORTH,307,46.0,2025-04-02
854,854,WH-NORTH,338,37.0,2025-10-16
855,855,WH-SOUTH,363,28.0,2024-04-11
856,856,WH-SOUTH,188,34.0,2024-11-11
857,857,WH-SOUTH,237,41.0,2025-06-24
858,858,WH-SOUTH,130,,2024-09-14
859,859,WH-EAST,68,26.0,2025-03-18
860,860,WH-SOUTH,177,35.0,2024-12-24
861,861,WH-SOUTH,300,31.0,2025-11-25
862,862,WH-SOUTH,100,20.0,2024-05-01
863,863,WH-NORTH,318,41.0,2025-10-16
864,864,WH-WEST,409,34.0,2024-10-08
865,865,WH-NORTH,185,23.0,2024-11-23
866,866,WH-NORTH,218,12.0,2025-01-05
867,867,WH-NORTH,352,20.0,2024-07-04
868,868,WH-WEST,231,32.0,2025-11-05
869,869,WH-WEST,25,,2025-09-30
870,870,WH-NORTH,264,30.0,2025-11-12
871,871,WH-SOUTH,67,,2025-11-28
872,872,WH-NORTH,279,36.0,2025-04-13
873,873,WH-NORTH,454,32.0,2024-11-12
874,874,WH-CENTRAL,450,31.0,2025-08-18
875,875,WH-CENTRAL,172,41.0,2024-01-17
876,876,WH-NORTH,496,37.0,2025-08-07
877,877,WH-WEST,271,39.0,2024-12-14
878,878,WH-NORTH,120,23.0,2025-04-16
879,879,WH-EAST,188,36.0,2024-09-18
880,880,WH-NORTH,495,26.0,2024-09-15
881,881,WH-NORTH,414,11.0,2024-01-23
882,882,WH-EAST,2,13.0,2024-10-23
883,883,WH-NORTH,88,30.0,2024-10-12
884,884,WH-NORTH,33,48.0,2024-06-06
885,885,WH-NORTH,204,25.0,2024-06-22
886,886,WH-CENTRAL,157,21.0,2025-02-12
887,887,WH-SOUTH,282,22.0,2024-08-10
888,888,WH-CENTRAL,195,36.0,2025-08-04
889,889,WH-SOUTH,194,18.0,2024-03-18
890,890,WH-SOUTH,142,19.0,2025-02-08
891,891,WH-EAST,113,48.0,2024-04-22
892,892,WH-NORTH,347,11.0,2025-01-04
893,893,WH-NORTH,291,49.0,2025-01-21
894,894,WH-SOUTH,332,46.0,2025-03-25
895,895,WH-EAST,371,11.0,2024-10-26
896,896,WH-CENTRAL,82,40.0,2024-12-22
897,897,WH-EAST,117,17.0,2024-05-06
898,898,WH-EAST,400,36.0,2024-11-20
899,899,WH-SOUTH,467,32.0,2024-09-18
900,900,WH-CENTRAL,12,23.0,2025-04-11
901,901,WH-CENTRAL,10,10.0,2024-10-31
902,902,WH-SOUTH,176,24.0,2025-06-29
903,903,WH-CENTRAL,36,39.0,2024-10-25
904,904,WH-CENTRAL,14,,2024-06-14
905,905,WH-NORTH,262,18.0,2024-07-10
906,906,WH-NORTH,258,40.0,2024-02-01
907,907,WH-CENTRAL,333,11.0,2025-01-12
908,908,WH-NORTH,421,18.0,2025-08-04
909,909,WH-CENTRAL,258,40.0,2025-06-22
910,910,WH-SOUTH,98,28.0,2024-11-02
911,911,WH-SOUTH,296,27.0,2024-05-17
912,912,WH-EAST,128,32.0,2025-08-27
913,913,WH-SOUTH,150,20.0,2024-02-09
914,914,WH-CENTRAL,430,32.0,2024-10-06
915,915,WH-NORTH,387,41.0,2025-08-22
916,916,WH-NORTH,472,48.0,2024-10-02
917,917,WH-SOUTH,54,46.0,2024-03-23
918,918,WH-CENTRAL,453,24.0,2024-07-05
919,919,WH-WEST,283,46.0,2025-02-24
920,920,WH-EAST,306,24.0,2024-04-16
921,921,WH-CENTRAL,295,41.0,2025-04-03
922,922,WH-SOUTH,27,44.0,2024-11-02
923,923,WH-WEST,149,15.0,2024-08-22
924,924,WH-NORTH,109,34.0,2024-06-17
925,925,WH-SOUTH,277,12.0,2025-07-30
926,926,WH-EAST,237,31.0,2024-10-04
927,927,WH-WEST,110,32.0,2025-05-31
928,928,WH-WEST,119,10.0,2024-11-04
929,929,WH-SOUTH,226,20.0,2024-03-05
930,930,WH-CENTRAL,229,11.0,2024-11-04
931,931,WH-SOUTH,40,31.0,2024-12-21
932,932,WH-WEST,266,41.0,2024-11-16
933,933,WH-NORTH,4,33.0,2025-07-25
934,934,WH-EAST,303,36.0,2025-09-29
935,935,WH-NORTH,285,18.0,2025-07-04
936,936,WH-WEST,10,37.0,2025-02-11
937,937,WH-NORTH,209,10.0,2025-01-14
938,938,WH-CENTRAL,260,44.0,2025-03-27
939,939,WH-SOUTH,54,10.0,2024-07-20
940,940,WH-WEST,304,32.0,2025-07-22
941,941,WH-EAST,464,27.0,2025-08-22
942,942,WH-EAST,415,41.0,2024-07-06
943,943,WH-CENTRAL,430,17.0,2025-09-23
944,944,WH-NORTH,379,33.0,2025-08-17
945,945,WH-NORTH,247,46.0,2024-10-24
946,946,WH-EAST,95,11.0,2025-09-28
947,947,WH-WEST,379,33.0,2024-03-25
948,948,WH-NORTH,442,31.0,2024-01-20
949,949,WH-WEST,359,21.0,2024-08-31
950,950,WH-EAST,155,28.0,2025-01-30
951,951,WH-WEST,136,43.0,2024-09-03
952,952,WH-CENTRAL,99,39.0,2025-10-21
953,953,WH-EAST,342,39.0,2024-06-27
954,954,WH-WEST,207,37.0,2024-07-15
955,955,WH-SOUTH,325,29.0,2025-03-20
956,956,WH-CENTRAL,375,21.0,2024-01-03
957,957,WH-WEST,216,43.0,2025-05-24
958,958,WH-EAST,59,14.0,2024-09-21
959,959,WH-WEST,268,20.0,2025-11-15
960,960,WH-SOUTH,157,47.0,2025-04-28
961,961,WH-NORTH,165,27.0,2024-02-06
962,962,WH-WEST,198,19.0,2024-03-05
963,963,WH-EAST,441,41.0,2024-03-02
964,964,WH-SOUTH,272,37.0,2025-10-28
965,965,WH-NORTH,201,22.0,2025-04-23
966,966,WH-WEST,62,45.0,2024-10-26
967,967,WH-NORTH,213,27.0,2024-05-20
968,968,WH-WEST,149,27.0,2025-09-03
969,969,WH-WEST,196,36.0,2024-05-21
970,970,WH-CENTRAL,258,31.0,2025-05-09
971,971,WH-NORTH,165,13.0,2025-06-18
972,972,WH-NORTH,438,18.0,2024-07-25
973,973,WH-SOUTH,277,26.0,2024-12-19
974,974,WH-WEST,301,46.0,2024-06-05
975,975,WH-WEST,205,20.0,2024-09-22
976,976,WH-CENTRAL,257,44.0,2025-11-06
977,977,WH-NORTH,359,28.0,2025-04-30
978,978,WH-SOUTH,368,46.0,2025-08-15
979,979,WH-NORTH,328,37.0,2025-01-13
980,980,WH-EAST,65,49.0,2024-06-16
981,981,WH-SOUTH,372,24.0,2025-05-14
982,982,WH-EAST,10,10.0,2024-12-16
983,983,WH-SOUTH,46,44.0,2024-05-03
984,984,WH-CENTRAL,397,42.0,2024-10-15
985,985,WH-WEST,262,44.0,2025-03-20
986,986,WH-NORTH,73,16.0,2025-05-29
987,987,WH-SOUTH,371,12.0,2024-06-19
988,988,WH-WEST,169,45.0,2025-09-05
989,989,WH-WEST,496,11.0,2024-09-22
990,990,WH-EAST,126,13.0,2024-07-08
991,991,WH-CENTRAL,200,48.0,2024-05-16
992,992,WH-CENTRAL,108,35.0,2025-07-16
993,993,WH-EAST,414,45.0,2024-09-04
994,994,WH-WEST,96,37.0,2024-12-04
995,995,WH-EAST,481,14.0,2024-06-04
996,996,WH-WEST,302,39.0,2025-04-25
997,997,WH-CENTRAL,456,30.0,2025-06-30
998,998,WH-WEST,412,37.0,2024-08-25
999,999,WH-WEST,376,21.0,2025-10-23
1000,1000,WH-CENTRAL,233,,2024-01-22
1001,1001,WH-EAST,198,41.0,2024-04-03
1002,1002,WH-SOUTH,165,44.0,2025-02-16
1003,1003,WH-WEST,158,37.0,2025-05-05
1004,1004,WH-NORTH,264,34.0,2024-06-24
1005,1005,WH-NORTH,124,42.0,2025-01-22
1006,1006,WH-EAST,199,,2024-08-10
1007,1007,WH-WEST,56,10.0,2025-01-22
1008,1008,WH-WEST,194,23.0,2025-04-06
1009,1009,WH-SOUTH,320,24.0,2025-11-11
1010,1010,WH-SOUTH,186,,2024-11-14
1011,1011,WH-NORTH,64,38.0,2025-03-29
1012,1012,WH-NORTH,150,34.0,2025-02-08
1013,1013,WH-NORTH,117,47.0,2024-08-10
1014,1014,WH-NORTH,194,27.0,2024-06-26
1015,1015,WH-WEST,157,32.0,2025-11-22
1016,1016,WH-NORTH,103,34.0,2024-05-24
1017,1017,WH-SOUTH,12,46.0,2025-07-07
1018,1018,WH-WEST,230,27.0,2024-04-12
1019,1019,WH-CENTRAL,252,26.0,2025-07-17
1020,1020,WH-EAST,69,33.0,2024-05-10
1021,1021,WH-SOUTH,35,16.0,2025-11-08
1022,1022,WH-EAST,71,27.0,2025-04-25
1023,1023,WH-CENTRAL,265,24.0,2024-03-04
1024,1024,WH-CENTRAL,48,26.0,2025-04-30
1025,1025,WH-NORTH,3,23.0,2025-02-26
1026,1026,WH-NORTH,119,27.0,2024-08-24
1027,1027,WH-CENTRAL,151,20.0,2024-07-01
1028,1028,WH-WEST,464,20.0,2025-05-18
1029,1029,WH-WEST,399,23.0,2025-06-02
1030,1030,WH-SOUTH,88,22.0,2024-08-17
1031,1031,WH-EAST,450,46.0,2025-09-05
1032,1032,WH-WEST,309,26.0,2024-07-07
1033,1033,WH-WEST,110,38.0,2024-02-18
1034,1034,WH-CENTRAL,145,28.0,2025-02-23
1035,1035,WH-EAST,355,37.0,2024-03-15
1036,1036,WH-CENTRAL,140,10.0,2024-07-12
1037,1037,WH-EAST,297,14.0,2024-12-21
1038,1038,WH-CENTRAL,75,46.0,2024-07-19
1039,1039,WH-CENTRAL,498,28.0,2024-05-30
1040,1040,WH-NORTH,401,11.0,2025-05-07
1041,1041,WH-NORTH,341,20.0,2025-01-17
1042,1042,WH-WEST,312,37.0,2025-08-10
1043,1043,WH-NORTH,116,17.0,2025-02-10
1044,1044,WH-WEST,137,,2024-12-04
1045,1045,WH-WEST,281,11.0,2024-07-01
1046,1046,WH-EAST,8,41.0,2025-07-08
1047,1047,WH-WEST,35,22.0,2024-05-17
1048,1048,WH-WEST,16,21.0,2024-06-18
1049,1049,WH-WEST,148,,2025-08-12
1050,1050,WH-NORTH,150,11.0,2025-06-02
1051,1051,WH-NORTH,241,40.0,2025-03-05
1052,1052,WH-SOUTH,391,44.0,2024-01-28
1053,1053,WH-CENTRAL,60,37.0,2024-03-30
1054,1054,WH-EAST,38,45.0,2024-12-15
1055,1055,WH-SOUTH,33,13.0,2025-06-06
1056,1056,WH-WEST,148,39.0,2024-11-20
1057,1057,WH-WEST,279,22.0,2024-01-13
1058,1058,WH-SOUTH,63,46.0,2024-05-08
1059,1059,WH-EAST,18,43.0,2025-02-16
1060,1060,WH-WEST,407,37.0,2025-04-30
1061,1061,WH-WEST,495,44.0,2024-01-24
1062,1062,WH-NORTH,72,49.0,2024-01-31
1063,1063,WH-CENTRAL,303,49.0,2024-07-01
1064,1064,WH-WEST,108,43.0,2024-02-28
1065,1065,WH-CENTRAL,289,28.0,2025-01-14
1066,1066,WH-CENTRAL,268,48.0,2024-03-27
1067,1067,WH-CENTRAL,370,11.0,2025-03-29
1068,1068,WH-WEST,42,11.0,2025-06-28
1069,1069,WH-WEST,490,11.0,2025-11-10
1070,1070,WH-CENTRAL,485,31.0,2025-10-25
1071,1071,WH-SOUTH,426,15.0,2024-07-10
1072,1072,WH-CENTRAL,408,28.0,2024-01-21
1073,1073,WH-NORTH,269,14.0,2024-08-18
1074,1074,WH-WEST,94,39.0,2025-05-10
1075,1075,WH-EAST,232,13.0,2024-02-11
1076,1076,WH-WEST,84,36.0,2024-09-08
1077,1077,WH-CENTRAL,183,41.0,2024-07-27
1078,1078,WH-WEST,224,24.0,2024-06-02
1079,1079,WH-CENTRAL,358,20.0,2025-05-09
1080,1080,WH-EAST,356,28.0,2025-04-06
1081,1081,WH-EAST,441,13.0,2025-01-09
1082,1082,WH-EAST,306,28.0,2025-09-29
1083,1083,WH-NORTH,255,26.0,2024-03-13
1084,1084,WH-NORTH,337,37.0,2024-04-14
1085,1085,WH-CENTRAL,404,46.0,2024-09-25
1086,1086,WH-NORTH,2,41.0,2025-04-04
1087,1087,WH-SOUTH,7,28.0,2025-02-12
1088,1088,WH-EAST,249,17.0,2024-02-21
1089,1089,WH-EAST,162,40.0,2025-11-01
1090,1090,WH-CENTRAL,86,44.0,2024-08-01
1091,1091,WH-NORTH,277,24.0,2024-09-08
1092,1092,WH-EAST,71,38.0,2025-03-12
1093,1093,WH-WEST,237,41.0,2025-10-23
1094,1094,WH-NORTH,80,25.0,2025-04-08
1095,1095,WH-WEST,68,30.0,2025-10-30
1096,1096,WH-EAST,231,24.0,2024-05-11
1097,1097,WH-EAST,272,25.0,2025-03-09
1098,1098,WH-WEST,185,48.0,2025-08-03
1099,1099,WH-EAST,66,10.0,2024-12-22
1100,1100,WH-NORTH,223,16.0,2024-09-10
1101,1101,WH-SOUTH,167,47.0,2025-11-20
1102,1102,WH-SOUTH,-9,16.0,2024-04-08
1103,1103,WH-SOUTH,402,37.0,2024-10-14
1104,1104,WH-EAST,218,27.0,2025-09-03
1105,1105,WH-CENTRAL,434,46.0,2025-09-22
1106,1106,WH-NORTH,163,41.0,2025-11-17
1107,1107,WH-NORTH,70,38.0,2025-09-11
1108,1108,WH-EAST,465,31.0,2024-02-05
1109,1109,WH-NORTH,289,42.0,2025-10-12
1110,1110,WH-EAST,346,22.0,2024-10-26
1111,1111,WH-SOUTH,93,32.0,2025-04-01
1112,1112,WH-NORTH,403,36.0,2024-10-02
1113,1113,WH-CENTRAL,370,44.0,2025-07-23
1114,1114,WH-EAST,349,47.0,2025-02-07
1115,1115,WH-NORTH,68,13.0,2025-08-14
1116,1116,WH-WEST,445,13.0,2024-05-15
1117,1117,WH-WEST,11,21.0,2024-05-09
1118,1118,WH-CENTRAL,282,38.0,2024-11-04
1119,1119,WH-CENTRAL,87,18.0,2024-01-04
1120,1120,WH-WEST,137,18.0,2025-04-29
1121,1121,WH-EAST,344,41.0,2024-07-26
1122,1122,WH-NORTH,199,12.0,2025-01-25
1123,1123,WH-WEST,263,41.0,2024-02-19
1124,1124,WH-CENTRAL,181,41.0,2024-04-29
1125,1125,WH-NORTH,329,20.0,2025-03-12
1126,1126,WH-EAST,16,12.0,2024-08-01
1127,1127,WH-WEST,332,15.0,2024-05-30
1128,1128,WH-CENTRAL,482,40.0,2024-06-09
1129,1129,WH-WEST,71,11.0,2024-05-30
1130,1130,WH-EAST,120,13.0,2025-03-11
1131,1131,WH-CENTRAL,431,48.0,2024-04-27
1132,1132,WH-NORTH,38,39.0,2024-09-10
1133,1133,WH-WEST,263,12.0,2025-04-26
1134,1134,WH-NORTH,24,18.0,2024-12-25
1135,1135,WH-SOUTH,184,30.0,2025-02-22
1136,1136,WH-EAST,394,15.0,2024-06-24
1137,1137,WH-WEST,269,39.0,2025-10-14
1138,1138,WH-CENTRAL,217,10.0,2024-10-16
1139,1139,WH-EAST,32,45.0,2024-07-19
1140,1140,WH-SOUTH,136,27.0,2025-09-25
1141,1141,WH-CENTRAL,176,48.0,2025-04-03
1142,1142,WH-EAST,345,37.0,2025-03-05
1143,1143,WH-EAST,89,21.0,2025-09-12
1144,1144,WH-WEST,-13,,2024-02-10
1145,1145,WH-SOUTH,221,34.0,2025-08-09
1146,1146,WH-WEST,157,42.0,2025-04-19
1147,1147,WH-NORTH,440,25.0,2024-09-08
1148,1148,WH-CENTRAL,10,27.0,2024-06-28
1149,1149,WH-SOUTH,469,26.0,2024-03-14
1150,1150,WH-EAST,319,22.0,2025-10-20
1151,1151,WH-EAST,317,38.0,2024-04-09
1152,1152,WH-NORTH,15,21.0,2024-06-30
1153,1153,WH-EAST,-2,21.0,2025-04-28
1154,1154,WH-CENTRAL,365,45.0,2025-05-12
1155,1155,WH-WEST,194,29.0,2024-04-22
1156,1156,WH-SOUTH,407,15.0,2025-07-23
1157,1157,WH-CENTRAL,234,37.0,2024-12-23
1158,1158,WH-NORTH,403,33.0,2025-08-16
1159,1159,WH-CENTRAL,147,42.0,2024-03-02
1160,1160,WH-NORTH,40,25.0,2024-01-30
1161,1161,WH-CENTRAL,99,25.0,2025-03-21
1162,1162,WH-EAST,395,18.0,2024-04-15
1163,1163,WH-EAST,496,29.0,2025-01-02
1164,1164,WH-NORTH,184,38.0,2024-01-10
1165,1165,WH-CENTRAL,374,19.0,2025-06-29
1166,1166,WH-CENTRAL,450,37.0,2025-09-21
1167,1167,WH-WEST,305,42.0,2025-08-10
1168,1168,WH-WEST,371,30.0,2025-11-01
1169,1169,WH-SOUTH,232,26.0,2025-09-24
1170,1170,WH-EAST,62,25.0,2024-11-06
1171,1171,WH-NORTH,445,37.0,2024-10-05
1172,1172,WH-EAST,35,15.0,2025-09-19
1173,1173,WH-CENTRAL,304,28.0,2025-10-10
1174,1174,WH-EAST,399,25.0,2025-11-11
1175,1175,WH-WEST,466,34.0,2025-06-21
1176,1176,WH-CENTRAL,242,40.0,2024-05-21
1177,1177,WH-EAST,1,42.0,2025-10-23
1178,1178,WH-SOUTH,303,36.0,2025-10-24
1179,1179,WH-WEST,115,43.0,2025-04-11
1180,1180,WH-WEST,270,29.0,2025-08-23
1181,1181,WH-EAST,326,17.0,2025-01-27
1182,1182,WH-CENTRAL,80,42.0,2025-10-22
1183,1183,WH-CENTRAL,323,20.0,2024-03-06
1184,1184,WH-WEST,140,23.0,2025-08-27
1185,1185,WH-CENTRAL,268,30.0,2024-02-08
1186,1186,WH-SOUTH,260,14.0,2024-08-25
1187,1187,WH-NORTH,444,23.0,2024-04-04
1188,1188,WH-CENTRAL,392,29.0,2024-12-01
1189,1189,WH-SOUTH,112,17.0,2024-06-11
1190,1190,WH-CENTRAL,116,36.0,2025-10-28
1191,1191,WH-WEST,299,49.0,2025-01-26
1192,1192,WH-SOUTH,364,11.0,2025-09-20
1193,1193,WH-WEST,312,48.0,2024-07-13
1194,1194,WH-EAST,199,26.0,2024-01-19
1195,1195,WH-CENTRAL,57,42.0,2025-06-26
1196,1196,WH-CENTRAL,222,10.0,2025-05-06
1197,1197,WH-WEST,234,26.0,2025-01-16
1198,1198,WH-CENTRAL,283,18.0,2025-07-24
1199,1199,WH-NORTH,119,26.0,2025-08-11
1200,1200,WH-CENTRAL,2,15.0,2025-02-15
1201,1201,WH-SOUTH,386,22.0,2025-11-07
1202,1202,WH-EAST,306,32.0,2025-05-18
1203,1203,WH-WEST,199,13.0,2025-04-18
1204,1204,WH-SOUTH,458,14.0,2024-09-09
1205,1205,WH-SOUTH,176,18.0,2024-01-02
1206,1206,WH-SOUTH,253,33.0,2024-06-17
1207,1207,WH-EAST,73,30.0,2025-06-18
1208,1208,WH-WEST,387,17.0,2025-05-11
1209,1209,WH-WEST,71,21.0,2024-08-19
1210,1210,WH-EAST,258,33.0,2025-03-13
1211,1211,WH-NORTH,152,,2024-05-16
1212,1212,WH-SOUTH,131,33.0,2024-07-03
1213,1213,WH-WEST,356,21.0,2025-10-25
1214,1214,WH-EAST,219,14.0,2024-10-16
1215,1215,WH-EAST,118,27.0,2024-06-20
1216,1216,WH-SOUTH,381,41.0,2024-12-06
1217,1217,WH-EAST,270,38.0,2024-09-27
1218,1218,WH-CENTRAL,251,45.0,2025-05-25
1219,1219,WH-SOUTH,267,23.0,2025-11-04
1220,1220,WH-WEST,238,44.0,2025-02-18
1221,1221,WH-SOUTH,125,10.0,2025-02-17
1222,1222,WH-NORTH,484,37.0,2024-09-12
1223,1223,WH-SOUTH,422,15.0,2025-01-30
1224,1224,WH-SOUTH,462,42.0,2024-08-11
1225,1225,WH-NORTH,462,28.0,2024-01-01
1226,1226,WH-SOUTH,30,38.0,2025-08-29
1227,1227,WH-EAST,363,41.0,2024-10-27
1228,1228,WH-WEST,297,,2024-12-10
1229,1229,WH-WEST,175,47.0,2024-02-28
1230,1230,WH-CENTRAL,311,18.0,2025-08-08
1231,1231,WH-WEST,495,32.0,2024-04-29
1232,1232,WH-WEST,241,10.0,2024-10-14
1233,1233,WH-NORTH,43,33.0,2025-08-11
1234,1234,WH-SOUTH,269,45.0,2024-11-16
1235,1235,WH-SOUTH,120,26.0,2025-10-13
1236,1236,WH-EAST,358,41.0,2024-05-26
1237,1237,WH-SOUTH,289,37.0,2025-05-15
1238,1238,WH-NORTH,190,19.0,2025-11-15
1239,1239,WH-EAST,294,21.0,2025-01-19
1240,1240,WH-EAST,338,29.0,2025-04-29
1241,1241,WH-CENTRAL,389,46.0,2024-10-02
1242,1242,WH-SOUTH,281,25.0,2025-06-09
1243,1243,WH-NORTH,105,48.0,2025-09-28
1244,1244,WH-WEST,451,40.0,2025-05-07
1245,1245,WH-NORTH,237,40.0,2025-10-17
1246,1246,WH-NORTH,322,10.0,2025-02-16
1247,1247,WH-NORTH,402,11.0,2025-02-07
1248,1248,WH-EAST,101,25.0,2024-08-01
1249,1249,WH-CENTRAL,289,45.0,2025-05-11
1250,1250,WH-EAST,378,32.0,2025-09-09
1251,1251,WH-NORTH,186,13.0,2025-03-28
1252,1252,WH-WEST,6,16.0,2024-06-12
1253,1253,WH-EAST,238,17.0,2025-01-15
1254,1254,WH-NORTH,401,35.0,2025-06-13
1255,1255,WH-WEST,111,27.0,2025-10-19
1256,1256,WH-SOUTH,327,24.0,2024-04-19
1257,1257,WH-SOUTH,330,11.0,2024-03-30
1258,1258,WH-NORTH,249,27.0,2024-10-16
1259,1259,WH-CENTRAL,52,44.0,2024-03-28
1260,1260,WH-CENTRAL,139,20.0,2025-11-17
1261,1261,WH-NORTH,344,11.0,2024-10-24
1262,1262,WH-CENTRAL,463,17.0,2025-01-08
1263,1263,WH-CENTRAL,343,48.0,2024-06-07
1264,1264,WH-CENTRAL,50,24.0,2024-11-10
1265,1265,WH-EAST,245,41.0,2025-11-20
1266,1266,WH-WEST,65,13.0,2024-12-08
1267,1267,WH-NORTH,253,40.0,2024-01-07
1268,1268,WH-SOUTH,226,42.0,2024-06-18
1269,1269,WH-CENTRAL,127,30.0,2025-11-15
1270,1270,WH-NORTH,439,35.0,2025-11-23
1271,1271,WH-EAST,155,34.0,2024-05-27
1272,1272,WH-EAST,72,37.0,2025-03-06
1273,1273,WH-CENTRAL,208,22.0,2024-02-23
1274,1274,WH-WEST,-19,35.0,2025-02-08
1275,1275,WH-SOUTH,64,40.0,2024-03-29
1276,1276,WH-WEST,306,31.0,2025-07-27
1277,1277,WH-SOUTH,282,45.0,2025-10-19
1278,1278,WH-SOUTH,356,18.0,2024-05-01
1279,1279,WH-NORTH,218,33.0,2024-11-19
1280,1280,WH-SOUTH,257,19.0,2024-03-12
1281,1281,WH-SOUTH,444,15.0,2024-08-25
1282,1282,WH-EAST,257,39.0,2024-02-15
1283,1283,WH-WEST,253,14.0,2024-07-04
1284,1284,WH-WEST,221,44.0,2025-11-24
1285,1285,WH-EAST,72,27.0,2024-02-01
1286,1286,WH-CENTRAL,7,10.0,2025-08-24
1287,1287,WH-NORTH,4,27.0,2024-02-24
1288,1288,WH-WEST,139,43.0,2025-01-05
1289,1289,WH-CENTRAL,334,,2024-11-12
1290,1290,WH-EAST,81,19.0,2025-10-14
1291,1291,WH-NORTH,320,41.0,2024-05-19
1292,1292,WH-EAST,71,39.0,2024-05-05
1293,1293,WH-CENTRAL,261,28.0,2025-06-08
1294,1294,WH-WEST,142,11.0,2025-05-23
1295,1295,WH-WEST,43,19.0,2025-05-04
1296,1296,WH-SOUTH,256,29.0,2024-01-19
1297,1297,WH-EAST,356,40.0,2024-06-30
1298,1298,WH-SOUTH,371,48.0,2025-08-10
1299,1299,WH-EAST,272,17.0,2025-02-24
1300,1300,WH-WEST,379,24.0,2025-02-25
1301,1301,WH-EAST,252,32.0,2024-07-26
1302,1302,WH-EAST,263,36.0,2024-07-01
1303,1303,WH-NORTH,14,46.0,2025-10-24
1304,1304,WH-CENTRAL,275,16.0,2025-05-24
1305,1305,WH-NORTH,460,47.0,2024-03-29
1306,1306,WH-NORTH,244,39.0,2025-10-18
1307,1307,WH-SOUTH,135,19.0,2025-02-11
1308,1308,WH-EAST,124,41.0,2024-08-21
1309,1309,WH-CENTRAL,47,19.0,2024-10-04
1310,1310,WH-WEST,117,23.0,2025-05-22
1311,1311,WH-EAST,34,24.0,2024-09-20
1312,1312,WH-EAST,202,47.0,2025-02-09
1313,1313,WH-NORTH,463,47.0,2025-05-12
1314,1314,WH-CENTRAL,415,45.0,2024-05-16
1315,1315,WH-SOUTH,371,47.0,2025-10-22
1316,1316,WH-WEST,57,11.0,2024-09-06
1317,1317,WH-WEST,375,26.0,2024-10-20
1318,1318,WH-NORTH,100,41.0,2025-05-03
1319,1319,WH-WEST,29,18.0,2025-03-02
1320,1320,WH-EAST,-13,48.0,2024-11-04
1321,1321,WH-EAST,167,47.0,2025-03-30
1322,1322,WH-NORTH,94,46.0,2025-09-23
1323,1323,WH-SOUTH,286,10.0,2025-07-14
1324,1324,WH-EAST,289,17.0,2025-07-30
1325,1325,WH-SOUTH,326,42.0,2024-06-29
1326,1326,WH-SOUTH,185,12.0,2024-10-20
1327,1327,WH-WEST,104,22.0,2025-01-22
1328,1328,WH-EAST,217,13.0,2024-01-31
1329,1329,WH-WEST,235,27.0,2025-06-22
1330,1330,WH-NORTH,359,22.0,2024-08-14
1331,1331,WH-EAST,121,16.0,2024-07-16
1332,1332,WH-NORTH,359,21.0,2024-06-30
1333,1333,WH-WEST,133,23.0,2024-07-17
1334,1334,WH-WEST,150,37.0,2024-08-24
1335,1335,WH-WEST,398,40.0,2025-02-27
1336,1336,WH-EAST,143,35.0,2025-02-12
1337,1337,WH-WEST,275,46.0,2024-06-27
1338,1338,WH-NORTH,324,,2024-05-24
1339,1339,WH-SOUTH,162,15.0,2025-08-01
1340,1340,WH-EAST,208,45.0,2024-03-05
1341,1341,WH-CENTRAL,126,33.0,2024-12-24
1342,1342,WH-NORTH,300,18.0,2024-12-30
1343,1343,WH-EAST,90,37.0,2025-02-05
1344,1344,WH-WEST,405,30.0,2025-09-11
1345,1345,WH-CENTRAL,410,19.0,2025-03-12
1346,1346,WH-CENTRAL,447,22.0,2025-11-12
1347,1347,WH-EAST,336,20.0,2025-09-01
1348,1348,WH-WEST,330,35.0,2024-05-30
1349,1349,WH-NORTH,41,40.0,2024-06-17
1350,1350,WH-NORTH,89,20.0,2024-08-29
1351,1351,WH-SOUTH,158,37.0,2024-10-01
1352,1352,WH-WEST,59,32.0,2025-01-22
1353,1353,WH-SOUTH,370,17.0,2024-06-11
1354,1354,WH-NORTH,104,22.0,2024-06-04
1355,1355,WH-WEST,368,46.0,2024-09-23
1356,1356,WH-SOUTH,384,26.0,2025-04-15
1357,1357,WH-EAST,499,41.0,2025-04-26
1358,1358,WH-EAST,218,32.0,2025-11-14
1359,1359,WH-CENTRAL,466,45.0,2024-05-21
1360,1360,WH-NORTH,146,16.0,2024-10-02
1361,1361,WH-NORTH,440,43.0,2025-11-06
1362,1362,WH-SOUTH,76,38.0,2025-04-28
1363,1363,WH-SOUTH,372,19.0,2025-02-18
1364,1364,WH-CENTRAL,75,17.0,2025-01-12
1365,1365,WH-SOUTH,74,17.0,2024-02-22
1366,1366,WH-CENTRAL,219,48.0,2025-09-17
1367,1367,WH-WEST,235,37.0,2025-03-13
1368,1368,WH-EAST,481,19.0,2025-02-04
1369,1369,WH-WEST,244,39.0,2025-01-12
1370,1370,WH-WEST,445,21.0,2024-10-01
1371,1371,WH-SOUTH,159,43.0,2024-06-27
1372,1372,WH-EAST,481,48.0,2025-06-12
1373,1373,WH-SOUTH,274,45.0,2024-12-22
1374,1374,WH-CENTRAL,211,18.0,2024-01-24
1375,1375,WH-EAST,402,31.0,2024-10-06
1376,1376,WH-EAST,318,14.0,2025-10-12
1377,1377,WH-SOUTH,70,48.0,2024-09-18
1378,1378,WH-NORTH,62,36.0,2024-10-16
1379,1379,WH-WEST,86,29.0,2025-03-12
1380,1380,WH-EAST,-17,26.0,2025-07-15
1381,1381,WH-SOUTH,213,17.0,2025-04-12
1382,1382,WH-WEST,392,49.0,2025-08-18
1383,1383,WH-WEST,245,11.0,2024-03-20
1384,1384,WH-CENTRAL,358,35.0,2025-10-09
1385,1385,WH-SOUTH,18,43.0,2025-09-24
1386,1386,WH-NORTH,332,15.0,2024-12-29
1387,1387,WH-NORTH,158,39.0,2025-03-13
1388,1388,WH-CENTRAL,356,41.0,2024-05-28
1389,1389,WH-CENTRAL,319,28.0,2024-11-09
1390,1390,WH-SOUTH,150,47.0,2024-05-21
1391,1391,WH-NORTH,64,23.0,2024-01-16
1392,1392,WH-WEST,466,16.0,2025-11-17
1393,1393,WH-SOUTH,386,43.0,2024-06-30
1394,1394,WH-EAST,244,38.0,2025-02-19
1395,1395,WH-SOUTH,457,46.0,2024-07-29
1396,1396,WH-NORTH,117,49.0,2024-09-16
1397,1397,WH-WEST,303,38.0,2024-10-05
1398,1398,WH-CENTRAL,465,36.0,2024-08-22
1399,1399,WH-WEST,447,43.0,2025-03-22
1400,1400,WH-CENTRAL,423,21.0,2025-11-03
1401,1401,WH-EAST,457,38.0,2024-10-27
1402,1402,WH-SOUTH,268,15.0,2025-11-12
1403,1403,WH-NORTH,119,40.0,2025-04-12
1404,1404,WH-EAST,279,43.0,2025-02-28
1405,1405,WH-SOUTH,169,19.0,2024-06-14
1406,1406,WH-CENTRAL,234,13.0,2024-02-14
1407,1407,WH-NORTH,249,39.0,2025-08-19
1408,1408,WH-NORTH,356,16.0,2025-02-05
1409,1409,WH-CENTRAL,204,14.0,2024-10-17
1410,1410,WH-WEST,234,41.0,2025-07-22
1411,1411,WH-WEST,278,47.0,2024-08-05
1412,1412,WH-WEST,230,47.0,2025-07-02
1413,1413,WH-NORTH,490,23.0,2024-08-17
1414,1414,WH-SOUTH,264,14.0,2025-10-06
1415,1415,WH-SOUTH,155,18.0,2024-07-06
1416,1416,WH-SOUTH,137,26.0,2024-04-06
1417,1417,WH-EAST,229,42.0,2025-05-03
1418,1418,WH-EAST,421,16.0,2024-04-23
1419,1419,WH-WEST,463,10.0,2025-10-26
1420,1420,WH-WEST,217,27.0,2025-04-03
1421,1421,WH-SOUTH,353,15.0,2024-06-10
1422,1422,WH-WEST,277,31.0,2024-05-26
1423,1423,WH-SOUTH,235,34.0,2025-10-08
1424,1424,WH-CENTRAL,46,22.0,2025-03-01
1425,1425,WH-SOUTH,469,46.0,2025-09-17
1426,1426,WH-EAST,483,10.0,2024-03-18
1427,1427,WH-SOUTH,390,49.0,2025-10-09
1428,1428,WH-WEST,452,22.0,2024-12-30
1429,1429,WH-SOUTH,451,32.0,2025-04-12
1430,1430,WH-WEST,97,40.0,2024-09-18
1431,1431,WH-SOUTH,205,45.0,2024-02-11
1432,1432,WH-NORTH,498,11.0,2025-11-01
1433,1433,WH-EAST,125,17.0,2025-11-27
1434,1434,WH-EAST,363,21.0,2024-09-12
1435,1435,WH-SOUTH,89,11.0,2025-10-22
1436,1436,WH-CENTRAL,12,24.0,2024-04-27
1437,1437,WH-WEST,391,29.0,2024-04-18
1438,1438,WH-SOUTH,221,41.0,2024-02-21
1439,1439,WH-EAST,377,29.0,2024-09-30
1440,1440,WH-CENTRAL,20,11.0,2024-02-06
1441,1441,WH-WEST,445,30.0,2024-10-03
1442,1442,WH-NORTH,188,15.0,2024-04-06
1443,1443,WH-NORTH,323,42.0,2025-05-26
1444,1444,WH-WEST,13,34.0,2025-08-06
1445,1445,WH-SOUTH,477,12.0,2025-04-26
1446,1446,WH-EAST,-5,40.0,2024-05-20
1447,1447,WH-WEST,41,31.0,2025-06-20
1448,1448,WH-SOUTH,496,34.0,2024-06-23
1449,1449,WH-WEST,221,36.0,2025-06-15
1450,1450,WH-WEST,347,10.0,2025-02-01
1451,1451,WH-CENTRAL,119,30.0,2024-09-13
1452,1452,WH-EAST,349,11.0,2024-02-28
1453,1453,WH-NORTH,377,40.0,2025-08-02
1454,1454,WH-NORTH,497,26.0,2025-10-19
1455,1455,WH-CENTRAL,390,47.0,2025-04-11
1456,1456,WH-NORTH,18,33.0,2025-11-06
1457,1457,WH-NORTH,41,34.0,2025-10-15
1458,1458,WH-EAST,212,49.0,2024-05-16
1459,1459,WH-SOUTH,113,36.0,2025-05-26
1460,1460,WH-WEST,149,42.0,2024-09-01
1461,1461,WH-EAST,255,44.0,2024-12-07
1462,1462,WH-CENTRAL,412,25.0,2024-04-19
1463,1463,WH-CENTRAL,61,22.0,2025-11-13
1464,1464,WH-NORTH,24,38.0,2025-05-23
1465,1465,WH-NORTH,220,,2024-07-05
1466,1466,WH-EAST,340,36.0,2024-09-17
1467,1467,WH-CENTRAL,298,43.0,2024-10-22
1468,1468,WH-CENTRAL,-7,44.0,2025-06-07
1469,1469,WH-WEST,378,40.0,2025-10-09
1470,1470,WH-EAST,357,41.0,2024-08-13
1471,1471,WH-WEST,470,30.0,2024-11-26
1472,1472,WH-EAST,144,12.0,2025-02-19
1473,1473,WH-SOUTH,321,27.0,2024-10-02
1474,1474,WH-CENTRAL,177,14.0,2024-12-18
1475,1475,WH-NORTH,284,33.0,2024-03-14
1476,1476,WH-CENTRAL,480,35.0,2024-04-27
1477,1477,WH-SOUTH,50,15.0,2024-10-07
1478,1478,WH-EAST,402,25.0,2025-10-02
1479,1479,WH-SOUTH,173,12.0,2024-09-01
1480,1480,WH-CENTRAL,76,39.0,2024-06-23
1481,1481,WH-WEST,452,49.0,2025-06-04
1482,1482,WH-EAST,142,47.0,2025-10-26
1483,1483,WH-WEST,284,14.0,2024-11-17
1484,1484,WH-SOUTH,164,39.0,2024-01-07
1485,1485,WH-NORTH,335,28.0,2025-04-26
1486,1486,WH-EAST,365,41.0,2024-10-17
1487,1487,WH-CENTRAL,105,44.0,2025-04-16
1488,1488,WH-WEST,296,11.0,2024-07-13
1489,1489,WH-SOUTH,447,47.0,2024-01-02
1490,1490,WH-EAST,9,14.0,2024-08-29
1491,1491,WH-NORTH,56,49.0,2025-05-08
1492,1492,WH-EAST,323,15.0,2024-10-02
1493,1493,WH-NORTH,442,47.0,2024-06-02
1494,1494,WH-SOUTH,199,33.0,2024-11-20
1495,1495,WH-WEST,89,40.0,2025-06-10
1496,1496,WH-EAST,498,43.0,2024-03-24
1497,1497,WH-EAST,372,28.0,2025-04-29
1498,1498,WH-WEST,498,26.0,2025-04-12
1499,1499,WH-EAST,45,35.0,2024-09-16
1500,1500,WH-EAST,385,14.0,2025-11-10
1501,1501,WH-CENTRAL,229,43.0,2025-09-18
1502,1502,WH-EAST,192,21.0,2024-08-09
1503,1503,WH-CENTRAL,389,22.0,2024-01-22
1504,1504,WH-EAST,295,16.0,2024-08-03
1505,1505,WH-WEST,432,49.0,2024-05-23
1506,1506,WH-SOUTH,366,30.0,2025-01-18
1507,1507,WH-EAST,463,24.0,2025-10-05
1508,1508,WH-WEST,23,13.0,2025-09-01
1509,1509,WH-SOUTH,496,39.0,2024-08-02
1510,1510,WH-CENTRAL,305,40.0,2024-10-27
1511,1511,WH-WEST,57,48.0,2024-01-26
1512,1512,WH-NORTH,351,11.0,2025-01-15
1513,1513,WH-SOUTH,93,47.0,2024-02-14
1514,1514,WH-SOUTH,72,41.0,2025-10-19
1515,1515,WH-NORTH,102,29.0,2025-08-29
1516,1516,WH-SOUTH,109,40.0,2024-05-29
1517,1517,WH-SOUTH,236,44.0,2025-05-04
1518,1518,WH-NORTH,430,10.0,2025-02-01
1519,1519,WH-WEST,183,36.0,2025-07-14
1520,1520,WH-EAST,4,40.0,2024-11-28
1521,1521,WH-SOUTH,281,21.0,2024-05-14
1522,1522,WH-WEST,316,13.0,2025-03-23
1523,1523,WH-WEST,43,48.0,2024-02-26
1524,1524,WH-NORTH,218,38.0,2025-02-13
1525,1525,WH-WEST,458,16.0,2024-05-28
1526,1526,WH-NORTH,340,21.0,2025-04-24
1527,1527,WH-WEST,372,21.0,2025-08-02
1528,1528,WH-EAST,35,24.0,2024-03-17
1529,1529,WH-CENTRAL,92,13.0,2024-10-07
1530,1530,WH-WEST,485,26.0,2025-05-28
1531,1531,WH-WEST,66,29.0,2024-04-24
1532,1532,WH-WEST,457,18.0,2025-01-31
1533,1533,WH-NORTH,169,23.0,2025-04-15
1534,1534,WH-SOUTH,182,46.0,2024-09-05
1535,1535,WH-NORTH,447,32.0,2025-08-05
1536,1536,WH-EAST,76,18.0,2024-12-23
1537,1537,WH-NORTH,360,22.0,2025-03-14
1538,1538,WH-SOUTH,291,39.0,2024-04-08
1539,1539,WH-EAST,321,17.0,2024-01-17
1540,1540,WH-SOUTH,376,10.0,2024-02-05
1541,1541,WH-SOUTH,317,38.0,2025-09-24
1542,1542,WH-CENTRAL,238,26.0,2025-09-09
1543,1543,WH-EAST,75,39.0,2025-07-19
1544,1544,WH-CENTRAL,351,39.0,2024-05-19
1545,1545,WH-CENTRAL,33,30.0,2025-01-02
1546,1546,WH-SOUTH,273,35.0,2025-07-11
1547,1547,WH-CENTRAL,217,14.0,2025-04-17
1548,1548,WH-NORTH,345,43.0,2024-03-21
1549,1549,WH-CENTRAL,424,26.0,2025-09-18
1550,1550,WH-CENTRAL,226,10.0,2024-04-22
1551,1551,WH-SOUTH,395,42.0,2024-04-30
1552,1552,WH-WEST,496,,2025-09-22
1553,1553,WH-NORTH,410,29.0,2024-12-05
1554,1554,WH-SOUTH,218,27.0,2024-09-18
1555,1555,WH-WEST,469,25.0,2025-01-22
1556,1556,WH-NORTH,342,,2025-11-17
1557,1557,WH-EAST,428,44.0,2024-03-24
1558,1558,WH-NORTH,19,22.0,2025-06-13
1559,1559,WH-EAST,394,31.0,2024-08-22
1560,1560,WH-NORTH,170,22.0,2024-03-22
1561,1561,WH-WEST,164,23.0,2024-10-22
1562,1562,WH-EAST,210,26.0,2025-01-19
1563,1563,WH-CENTRAL,364,20.0,2024-05-24
1564,1564,WH-NORTH,214,45.0,2024-10-10
1565,1565,WH-EAST,84,20.0,2025-03-20
1566,1566,WH-SOUTH,239,31.0,2025-02-07
1567,1567,WH-NORTH,439,18.0,2025-05-21
1568,1568,WH-NORTH,406,17.0,2025-08-08
1569,1569,WH-WEST,36,26.0,2024-10-13
1570,1570,WH-WEST,131,25.0,2024-10-23
1571,1571,WH-WEST,31,36.0,2024-12-13
1572,1572,WH-EAST,28,15.0,2025-01-31
1573,1573,WH-CENTRAL,93,20.0,2024-03-16
1574,1574,WH-NORTH,386,43.0,2024-08-06
1575,1575,WH-EAST,125,33.0,2024-04-30
1576,1576,WH-NORTH,80,23.0,2024-09-27
1577,1577,WH-CENTRAL,319,15.0,2025-11-12
1578,1578,WH-WEST,377,22.0,2025-02-11
1579,1579,WH-EAST,146,32.0,2024-10-27
1580,1580,WH-CENTRAL,227,33.0,2025-01-31
1581,1581,WH-SOUTH,112,13.0,2025-04-13
1582,1582,WH-SOUTH,197,14.0,2024-10-31
1583,1583,WH-NORTH,124,24.0,2024-11-09
1584,1584,WH-EAST,407,12.0,2025-05-05
1585,1585,WH-EAST,316,26.0,2024-02-12
1586,1586,WH-NORTH,161,10.0,2025-01-13
1587,1587,WH-NORTH,414,36.0,2025-01-18
1588,1588,WH-CENTRAL,268,38.0,2025-06-13
1589,1589,WH-CENTRAL,274,44.0,2025-11-18
1590,1590,WH-WEST,324,45.0,2025-07-11
1591,1591,WH-NORTH,394,27.0,2024-12-18
1592,1592,WH-WEST,376,34.0,2024-04-28
1593,1593,WH-EAST,326,37.0,2025-02-15
1594,1594,WH-SOUTH,198,30.0,2025-08-07
1595,1595,WH-SOUTH,355,37.0,2025-10-14
1596,1596,WH-WEST,227,49.0,2025-07-31
1597,1597,WH-NORTH,465,21.0,2024-05-12
1598,1598,WH-NORTH,499,21.0,2025-05-13
1599,1599,WH-SOUTH,278,44.0,2025-09-08
1600,1600,WH-SOUTH,216,37.0,2025-04-21
1601,1601,WH-WEST,483,48.0,2025-04-25
1602,1602,WH-WEST,228,15.0,2024-12-16
1603,1603,WH-EAST,102,24.0,2025-03-21
1604,1604,WH-SOUTH,329,35.0,2024-07-25
1605,1605,WH-NORTH,360,21.0,2024-03-03
1606,1606,WH-EAST,179,21.0,2025-08-02
1607,1607,WH-WEST,187,36.0,2025-10-22
1608,1608,WH-WEST,419,47.0,2025-08-22
1609,1609,WH-EAST,391,17.0,2024-08-21
1610,1610,WH-CENTRAL,20,12.0,2024-03-06
1611,1611,WH-SOUTH,338,19.0,2024-07-15
1612,1612,WH-EAST,409,10.0,2025-08-12
1613,1613,WH-NORTH,219,31.0,2025-04-04
1614,1614,WH-EAST,136,36.0,2025-11-07
1615,1615,WH-CENTRAL,59,15.0,2024-08-27
1616,1616,WH-SOUTH,17,22.0,2025-01-21
1617,1617,WH-WEST,159,31.0,2025-07-07
1618,1618,WH-WEST,259,32.0,2024-06-12
1619,1619,WH-WEST,275,32.0,2025-11-05
1620,1620,WH-WEST,142,33.0,2025-02-18
1621,1621,WH-EAST,455,17.0,2024-01-06
1622,1622,WH-CENTRAL,102,18.0,2024-01-18
1623,1623,WH-CENTRAL,264,28.0,2025-09-09
1624,1624,WH-WEST,-13,27.0,2025-03-27
1625,1625,WH-NORTH,287,44.0,2025-06-18
1626,1626,WH-WEST,299,36.0,2025-07-02
1627,1627,WH-EAST,177,21.0,2024-10-21
1628,1628,WH-CENTRAL,415,25.0,2025-07-13
1629,1629,WH-SOUTH,320,26.0,2025-10-18
1630,1630,WH-WEST,236,17.0,2024-04-30
1631,1631,WH-WEST,100,38.0,2025-06-18
1632,1632,WH-NORTH,311,37.0,2024-08-03
1633,1633,WH-NORTH,316,10.0,2024-08-13
1634,1634,WH-CENTRAL,71,28.0,2024-10-15
1635,1635,WH-EAST,256,46.0,2025-08-27
1636,1636,WH-WEST,399,41.0,2024-01-16
1637,1637,WH-SOUTH,454,15.0,2024-10-30
1638,1638,WH-SOUTH,186,34.0,2025-04-21
1639,1639,WH-WEST,50,21.0,2024-03-18
1640,1640,WH-CENTRAL,364,23.0,2025-07-08
1641,1641,WH-CENTRAL,95,49.0,2025-10-21
1642,1642,WH-NORTH,160,33.0,2024-03-04
1643,1643,WH-EAST,432,48.0,2024-04-17
1644,1644,WH-WEST,241,20.0,2025-11-12
1645,1645,WH-WEST,438,30.0,2024-05-18
1646,1646,WH-NORTH,199,30.0,2024-02-25
1647,1647,WH-WEST,314,22.0,2025-10-28
1648,1648,WH-EAST,24,21.0,2025-09-16
1649,1649,WH-SOUTH,328,31.0,2025-04-04
1650,1650,WH-SOUTH,309,38.0,2025-01-21
1651,1651,WH-EAST,469,11.0,2025-10-05
1652,1652,WH-SOUTH,40,29.0,2025-04-03
1653,1653,WH-CENTRAL,350,32.0,2025-04-05
1654,1654,WH-WEST,105,24.0,2025-08-13
1655,1655,WH-EAST,9,18.0,2025-04-02
1656,1656,WH-CENTRAL,286,33.0,2024-12-18
1657,1657,WH-NORTH,344,10.0,2024-09-29
1658,1658,WH-CENTRAL,29,11.0,2024-12-18
1659,1659,WH-NORTH,151,37.0,2024-12-31
1660,1660,WH-NORTH,325,40.0,2024-09-09
1661,1661,WH-CENTRAL,99,22.0,2024-11-09
1662,1662,WH-NORTH,101,19.0,2025-07-15
1663,1663,WH-CENTRAL,171,42.0,2024-10-18
1664,1664,WH-WEST,330,41.0,2024-01-18
1665,1665,WH-WEST,479,16.0,2024-07-17
1666,1666,WH-NORTH,169,25.0,2024-06-11
1667,1667,WH-WEST,319,30.0,2025-07-09
1668,1668,WH-CENTRAL,326,28.0,2024-11-10
1669,1669,WH-EAST,406,12.0,2024-07-15
1670,1670,WH-EAST,38,42.0,2025-07-21
1671,1671,WH-EAST,32,14.0,2024-01-14
1672,1672,WH-CENTRAL,245,43.0,2024-05-01
1673,1673,WH-NORTH,186,32.0,2025-08-01
1674,1674,WH-CENTRAL,161,41.0,2025-01-20
1675,1675,WH-NORTH,214,25.0,2025-06-25
1676,1676,WH-NORTH,55,37.0,2025-08-09
1677,1677,WH-WEST,390,30.0,2025-10-21
1678,1678,WH-SOUTH,183,40.0,2024-02-14
1679,1679,WH-SOUTH,475,21.0,2025-07-13
1680,1680,WH-WEST,87,14.0,2025-05-11
1681,1681,WH-NORTH,75,23.0,2024-05-24
1682,1682,WH-NORTH,483,31.0,2025-10-14
1683,1683,WH-WEST,446,45.0,2024-10-09
1684,1684,WH-EAST,269,10.0,2025-09-13
1685,1685,WH-EAST,351,45.0,2025-02-27
1686,1686,WH-CENTRAL,279,35.0,2025-01-03
1687,1687,WH-WEST,216,10.0,2024-04-21
1688,1688,WH-WEST,490,15.0,2025-10-02
1689,1689,WH-CENTRAL,120,11.0,2025-01-24
1690,1690,WH-EAST,114,24.0,2024-01-05
1691,1691,WH-EAST,306,46.0,2024-01-13
1692,1692,WH-SOUTH,52,44.0,2025-06-28
1693,1693,WH-SOUTH,207,41.0,2024-04-23
1694,1694,WH-SOUTH,428,45.0,2025-02-23
1695,1695,WH-NORTH,493,26.0,2025-04-21
1696,1696,WH-CENTRAL,408,23.0,2024-07-14
1697,1697,WH-EAST,225,21.0,2025-02-02
1698,1698,WH-NORTH,7,34.0,2024-06-17
1699,1699,WH-WEST,487,19.0,2025-10-24
1700,1700,WH-CENTRAL,337,30.0,2025-08-25
1701,1701,WH-NORTH,109,23.0,2024-07-20
1702,1702,WH-NORTH,287,21.0,2025-01-05
1703,1703,WH-WEST,211,41.0,2024-12-16
1704,1704,WH-NORTH,41,21.0,2025-11-03
1705,1705,WH-NORTH,406,32.0,2024-10-02
1706,1706,WH-SOUTH,348,10.0,2025-01-28
1707,1707,WH-WEST,129,34.0,2025-10-12
1708,1708,WH-WEST,322,19.0,2024-04-23
1709,1709,WH-WEST,253,49.0,2025-01-20
1710,1710,WH-CENTRAL,329,11.0,2024-03-14
1711,1711,WH-WEST,486,29.0,2025-03-08
1712,1712,WH-EAST,428,19.0,2024-09-12
1713,1713,WH-CENTRAL,19,39.0,2025-11-08
1714,1714,WH-CENTRAL,129,29.0,2024-10-17
1715,1715,WH-EAST,387,24.0,2024-04-05
1716,1716,WH-WEST,25,12.0,2025-08-06
1717,1717,WH-EAST,325,11.0,2025-07-28
1718,1718,WH-NORTH,210,19.0,2025-05-01
1719,1719,WH-SOUTH,39,48.0,2025-06-08
1720,1720,WH-SOUTH,250,39.0,2024-07-04
1721,1721,WH-NORTH,154,33.0,2025-03-25
1722,1722,WH-SOUTH,124,27.0,2024-01-27
1723,1723,WH-NORTH,419,46.0,2024-05-17
1724,1724,WH-NORTH,371,48.0,2025-10-14
1725,1725,WH-SOUTH,301,10.0,2025-06-01
1726,1726,WH-NORTH,222,35.0,2024-06-10
1727,1727,WH-SOUTH,122,42.0,2024-03-18
1728,1728,WH-WEST,164,19.0,2025-10-26
1729,1729,WH-SOUTH,156,39.0,2024-03-19
1730,1730,WH-SOUTH,371,15.0,2024-06-28
1731,1731,WH-WEST,54,12.0,2024-05-07
1732,1732,WH-CENTRAL,374,32.0,2024-01-06
1733,1733,WH-SOUTH,346,21.0,2024-08-07
1734,1734,WH-NORTH,185,48.0,2025-11-12
1735,1735,WH-EAST,166,43.0,2024-08-27
1736,1736,WH-WEST,449,31.0,2024-12-19
1737,1737,WH-SOUTH,381,44.0,2025-06-06
1738,1738,WH-WEST,121,46.0,2025-01-20
1739,1739,WH-WEST,35,46.0,2025-06-04
1740,1740,WH-NORTH,436,39.0,2025-04-08
1741,1741,WH-NORTH,399,23.0,2025-03-01
1742,1742,WH-SOUTH,178,24.0,2025-03-30
1743,1743,WH-SOUTH,9,20.0,2025-07-13
1744,1744,WH-WEST,380,32.0,2025-05-12
1745,1745,WH-WEST,197,18.0,2025-07-08
1746,1746,WH-WEST,136,42.0,2024-04-11
1747,1747,WH-NORTH,451,24.0,2025-04-19
1748,1748,WH-WEST,21,44.0,2025-05-30
1749,1749,WH-CENTRAL,349,,2024-07-28
1750,1750,WH-SOUTH,194,46.0,2025-09-04
1751,1751,WH-SOUTH,293,45.0,2024-08-01
1752,1752,WH-EAST,412,27.0,2024-06-19
1753,1753,WH-CENTRAL,165,48.0,2025-08-29
1754,1754,WH-WEST,417,16.0,2024-06-21
1755,1755,WH-NORTH,446,32.0,2024-10-17
1756,1756,WH-EAST,236,28.0,2024-09-14
1757,1757,WH-NORTH,426,36.0,2025-09-20
1758,1758,WH-NORTH,458,46.0,2024-11-14
1759,1759,WH-WEST,283,43.0,2025-05-01
1760,1760,WH-WEST,484,17.0,2025-07-09
1761,1761,WH-WEST,391,24.0,2025-03-15
1762,1762,WH-CENTRAL,428,38.0,2025-10-22
1763,1763,WH-CENTRAL,316,47.0,2025-07-15
1764,1764,WH-CENTRAL,470,30.0,2024-10-07
1765,1765,WH-EAST,322,27.0,2025-10-27
1766,1766,WH-NORTH,369,18.0,2025-01-02
1767,1767,WH-WEST,264,37.0,2024-01-16
1768,1768,WH-WEST,18,35.0,2024-07-01
1769,1769,WH-WEST,478,21.0,2025-03-11
1770,1770,WH-CENTRAL,486,10.0,2024-04-19
1771,1771,WH-CENTRAL,67,28.0,2025-02-12
1772,1772,WH-CENTRAL,17,14.0,2024-09-10
1773,1773,WH-WEST,397,22.0,2025-01-09
1774,1774,WH-SOUTH,173,22.0,2024-01-02
1775,1775,WH-NORTH,126,31.0,2025-08-16
1776,1776,WH-CENTRAL,292,33.0,2024-09-10
1777,1777,WH-NORTH,223,29.0,2024-04-08
1778,1778,WH-WEST,165,19.0,2024-11-02
1779,1779,WH-CENTRAL,118,33.0,2024-12-06
1780,1780,WH-EAST,307,48.0,2025-03-22
1781,1781,WH-CENTRAL,188,10.0,2025-01-02
1782,1782,WH-NORTH,63,33.0,2024-01-31
1783,1783,WH-EAST,207,25.0,2025-09-02
1784,1784,WH-WEST,389,24.0,2024-11-15
1785,1785,WH-WEST,163,18.0,2024-02-23
1786,1786,WH-NORTH,207,22.0,2025-06-24
1787,1787,WH-WEST,397,49.0,2025-04-07
1788,1788,WH-CENTRAL,118,43.0,2025-03-30
1789,1789,WH-EAST,11,36.0,2024-10-25
1790,1790,WH-WEST,411,12.0,2024-10-14
1791,1791,WH-WEST,260,44.0,2025-01-10
1792,1792,WH-NORTH,80,40.0,2024-02-05
1793,1793,WH-SOUTH,403,18.0,2024-07-28
1794,1794,WH-EAST,135,24.0,2025-11-22
1795,1795,WH-SOUTH,99,28.0,2025-04-08
1796,1796,WH-WEST,106,35.0,2024-10-20
1797,1797,WH-EAST,2,48.0,2024-06-04
1798,1798,WH-WEST,154,11.0,2025-06-05
1799,1799,WH-SOUTH,48,36.0,2024-07-01
1800,1800,WH-CENTRAL,312,44.0,2024-04-23
1801,1801,WH-SOUTH,196,20.0,2024-04-18
1802,1802,WH-CENTRAL,377,17.0,2025-05-25
1803,1803,WH-EAST,54,38.0,2025-03-25
1804,1804,WH-CENTRAL,350,44.0,2024-02-18
1805,1805,WH-WEST,63,34.0,2024-03-21
1806,1806,WH-SOUTH,491,48.0,2025-03-19
1807,1807,WH-EAST,14,40.0,2025-02-03
1808,1808,WH-WEST,461,25.0,2025-04-25
1809,1809,WH-WEST,73,43.0,2024-05-04
1810,1810,WH-EAST,405,44.0,2025-05-23
1811,1811,WH-WEST,133,13.0,2025-10-17
1812,1812,WH-SOUTH,23,17.0,2025-02-24
1813,1813,WH-CENTRAL,188,15.0,2024-05-17
1814,1814,WH-SOUTH,141,35.0,2025-04-20
1815,1815,WH-EAST,201,37.0,2024-08-28
1816,1816,WH-NORTH,32,42.0,2024-02-04
1817,1817,WH-WEST,447,44.0,2024-07-30
1818,1818,WH-SOUTH,88,34.0,2025-09-25
1819,1819,WH-SOUTH,66,20.0,2024-10-14
1820,1820,WH-SOUTH,20,43.0,2025-08-28
1821,1821,WH-SOUTH,159,19.0,2024-12-22
1822,1822,WH-CENTRAL,466,23.0,2024-12-27
1823,1823,WH-WEST,322,25.0,2024-01-04
1824,1824,WH-NORTH,456,46.0,2025-03-21
1825,1825,WH-WEST,48,28.0,2024-03-16
1826,1826,WH-WEST,379,12.0,2024-12-01
1827,1827,WH-EAST,466,35.0,2024-07-01
1828,1828,WH-SOUTH,387,39.0,2024-10-01
1829,1829,WH-SOUTH,314,10.0,2025-01-10
1830,1830,WH-CENTRAL,442,17.0,2024-01-11
1831,1831,WH-NORTH,177,15.0,2024-07-18
1832,1832,WH-NORTH,113,30.0,2025-11-23
1833,1833,WH-EAST,317,18.0,2024-02-10
1834,1834,WH-EAST,170,17.0,2024-08-11
1835,1835,WH-EAST,238,18.0,2024-08-12
1836,1836,WH-SOUTH,227,48.0,2024-09-22
1837,1837,WH-SOUTH,365,35.0,2025-04-24
1838,1838,WH-CENTRAL,310,15.0,2024-06-22
1839,1839,WH-NORTH,309,26.0,2024-11-18
1840,1840,WH-NORTH,107,10.0,2025-03-27
1841,1841,WH-EAST,426,22.0,2024-08-13
1842,1842,WH-WEST,65,34.0,2025-10-26
1843,1843,WH-NORTH,237,44.0,2025-11-16
1844,1844,WH-CENTRAL,206,26.0,2024-03-24
1845,1845,WH-SOUTH,109,18.0,2024-08-28
1846,1846,WH-NORTH,46,22.0,2024-05-25
1847,1847,WH-CENTRAL,217,16.0,2024-05-10
1848,1848,WH-SOUTH,27,36.0,2024-12-09
1849,1849,WH-WEST,67,11.0,2025-01-29
1850,1850,WH-EAST,165,43.0,2024-10-24
1851,1851,WH-EAST,142,22.0,2024-07-09
1852,1852,WH-EAST,172,25.0,2024-07-14
1853,1853,WH-NORTH,129,46.0,2025-11-25
1854,1854,WH-CENTRAL,462,23.0,2025-10-08
1855,1855,WH-EAST,434,44.0,2024-02-23
1856,1856,WH-SOUTH,31,29.0,2025-04-04
1857,1857,WH-CENTRAL,173,26.0,2024-11-15
1858,1858,WH-CENTRAL,53,29.0,2025-04-27
1859,1859,WH-NORTH,361,21.0,2025-02-21
1860,1860,WH-NORTH,297,19.0,2025-09-14
1861,1861,WH-WEST,224,13.0,2024-02-16
1862,1862,WH-WEST,287,11.0,2024-09-01
1863,1863,WH-NORTH,305,34.0,2025-11-20
1864,1864,WH-NORTH,456,28.0,2024-05-07
1865,1865,WH-CENTRAL,17,24.0,2024-03-30
1866,1866,WH-CENTRAL,491,28.0,2025-05-25
1867,1867,WH-NORTH,225,11.0,2025-06-28
1868,1868,WH-CENTRAL,33,19.0,2025-04-15
1869,1869,WH-NORTH,147,42.0,2025-06-27
1870,1870,WH-CENTRAL,392,36.0,2025-04-30
1871,1871,WH-NORTH,435,17.0,2024-04-05
1872,1872,WH-SOUTH,485,25.0,2025-03-01
1873,1873,WH-NORTH,138,34.0,2025-06-27
1874,1874,WH-SOUTH,463,22.0,2025-08-28
1875,1875,WH-EAST,308,27.0,2024-06-21
1876,1876,WH-SOUTH,119,39.0,2024-03-30
1877,1877,WH-EAST,75,26.0,2025-06-30
1878,1878,WH-WEST,256,40.0,2024-06-28
1879,1879,WH-CENTRAL,90,16.0,2024-01-23
1880,1880,WH-WEST,315,13.0,2025-07-31
1881,1881,WH-NORTH,410,41.0,2024-12-20
1882,1882,WH-SOUTH,495,32.0,2024-08-16
1883,1883,WH-EAST,65,17.0,2024-01-09
1884,1884,WH-EAST,184,36.0,2024-01-25
1885,1885,WH-SOUTH,397,14.0,2025-07-08
1886,1886,WH-NORTH,370,33.0,2024-12-08
1887,1887,WH-SOUTH,62,18.0,2024-04-14
1888,1888,WH-WEST,474,28.0,2024-09-07
1889,1889,WH-WEST,346,31.0,2024-04-25
1890,1890,WH-NORTH,342,19.0,2024-03-20
1891,1891,WH-SOUTH,311,26.0,2024-07-12
1892,1892,WH-WEST,143,18.0,2025-01-19
1893,1893,WH-EAST,261,29.0,2024-05-27
1894,1894,WH-EAST,427,37.0,2024-08-28
1895,1895,WH-CENTRAL,321,23.0,2024-11-30
1896,1896,WH-SOUTH,125,15.0,2024-10-21
1897,1897,WH-NORTH,271,33.0,2024-03-31
1898,1898,WH-EAST,87,32.0,2024-01-28
1899,1899,WH-EAST,295,34.0,2024-01-25
1900,1900,WH-WEST,416,17.0,2024-09-02
1901,1901,WH-EAST,44,34.0,2025-05-18
1902,1902,WH-SOUTH,388,28.0,2024-04-01
1903,1903,WH-SOUTH,444,25.0,2025-07-04
1904,1904,WH-CENTRAL,320,13.0,2025-05-15
1905,1905,WH-WEST,112,25.0,2024-01-03
1906,1906,WH-SOUTH,367,37.0,2024-01-19
1907,1907,WH-SOUTH,336,24.0,2024-05-16
1908,1908,WH-WEST,384,33.0,2024-02-09
1909,1909,WH-WEST,155,13.0,2025-01-06
1910,1910,WH-WEST,68,49.0,2024-01-28
1911,1911,WH-WEST,244,28.0,2025-07-15
1912,1912,WH-CENTRAL,32,21.0,2024-12-11
1913,1913,WH-EAST,14,43.0,2025-05-24
1914,1914,WH-NORTH,181,21.0,2025-06-09
1915,1915,WH-WEST,467,37.0,2024-12-20
1916,1916,WH-SOUTH,115,27.0,2025-10-09
1917,1917,WH-NORTH,166,44.0,2025-11-24
1918,1918,WH-CENTRAL,112,37.0,2024-09-08
1919,1919,WH-NORTH,8,,2024-03-29
1920,1920,WH-NORTH,171,48.0,2024-09-11
1921,1921,WH-EAST,342,14.0,2024-06-05
1922,1922,WH-EAST,321,10.0,2025-01-06
1923,1923,WH-WEST,78,33.0,2024-09-21
1924,1924,WH-SOUTH,160,39.0,2024-12-02
1925,1925,WH-WEST,333,48.0,2025-06-18
1926,1926,WH-NORTH,191,13.0,2024-07-10
1927,1927,WH-WEST,65,40.0,2025-01-11
1928,1928,WH-NORTH,405,40.0,2024-08-22
1929,1929,WH-SOUTH,499,11.0,2025-07-03
1930,1930,WH-CENTRAL,169,41.0,2025-03-23
1931,1931,WH-NORTH,51,26.0,2024-01-06
1932,1932,WH-CENTRAL,259,39.0,2025-04-07
1933,1933,WH-EAST,399,36.0,2024-04-29
1934,1934,WH-WEST,307,39.0,2025-05-22
1935,1935,WH-WEST,386,44.0,2025-02-01
1936,1936,WH-CENTRAL,407,39.0,2024-10-08
1937,1937,WH-EAST,253,,2025-04-30
1938,1938,WH-EAST,124,41.0,2025-08-22
1939,1939,WH-EAST,157,10.0,2025-06-29
1940,1940,WH-NORTH,239,41.0,2025-01-16
1941,1941,WH-EAST,248,30.0,2025-05-20
1942,1942,WH-CENTRAL,172,28.0,2024-10-16
1943,1943,WH-CENTRAL,441,42.0,2025-07-06
1944,1944,WH-SOUTH,310,18.0,2025-08-03
1945,1945,WH-WEST,443,23.0,2024-04-06
1946,1946,WH-WEST,136,45.0,2024-06-15
1947,1947,WH-SOUTH,321,18.0,2024-07-07
1948,1948,WH-CENTRAL,352,29.0,2024-04-26
1949,1949,WH-CENTRAL,480,16.0,2024-10-01
1950,1950,WH-CENTRAL,50,18.0,2024-05-15
1951,1951,WH-WEST,311,46.0,2025-02-20
1952,1952,WH-EAST,223,10.0,2024-03-12
1953,1953,WH-WEST,285,42.0,2024-07-07
1954,1954,WH-SOUTH,495,16.0,2025-04-10
1955,1955,WH-EAST,234,43.0,2024-10-05
1956,1956,WH-NORTH,303,39.0,2024-10-22
1957,1957,WH-NORTH,236,14.0,2025-07-12
1958,1958,WH-CENTRAL,272,46.0,2025-11-20
1959,1959,WH-EAST,491,14.0,2025-01-30
1960,1960,WH-WEST,247,34.0,2024-02-25
1961,1961,WH-SOUTH,190,48.0,2024-03-13
1962,1962,WH-CENTRAL,370,20.0,2025-11-08
1963,1963,WH-CENTRAL,424,32.0,2025-04-20
1964,1964,WH-EAST,264,29.0,2025-06-10
1965,1965,WH-SOUTH,71,13.0,2025-04-18
1966,1966,WH-NORTH,102,12.0,2024-05-05
1967,1967,WH-CENTRAL,391,30.0,2024-11-09
1968,1968,WH-CENTRAL,279,16.0,2025-07-12
1969,1969,WH-EAST,383,22.0,2025-08-29
1970,1970,WH-CENTRAL,276,10.0,2024-06-15
1971,1971,WH-EAST,278,,2025-02-21
1972,1972,WH-SOUTH,397,26.0,2024-04-19
1973,1973,WH-NORTH,351,32.0,2025-11-01
1974,1974,WH-NORTH,155,15.0,2024-06-25
1975,1975,WH-CENTRAL,364,29.0,2025-05-23
1976,1976,WH-CENTRAL,57,15.0,2024-06-10
1977,1977,WH-EAST,298,19.0,2025-03-07
1978,1978,WH-SOUTH,10,13.0,2025-04-06
1979,1979,WH-EAST,482,27.0,2024-08-17
1980,1980,WH-WEST,399,44.0,2025-07-27
1981,1981,WH-CENTRAL,235,42.0,2025-09-11
1982,1982,WH-NORTH,265,19.0,2025-08-21
1983,1983,WH-NORTH,119,17.0,2024-08-19
1984,1984,WH-EAST,263,32.0,2025-06-05
1985,1985,WH-EAST,42,33.0,2025-01-26
1986,1986,WH-CENTRAL,430,25.0,2025-02-18
1987,1987,WH-EAST,79,29.0,2024-11-30
1988,1988,WH-NORTH,37,33.0,2025-02-24
1989,1989,WH-NORTH,303,23.0,2024-04-04
1990,1990,WH-NORTH,368,21.0,2024-10-13
1991,1991,WH-WEST,340,16.0,2024-05-04
1992,1992,WH-EAST,417,48.0,2024-07-15
1993,1993,WH-CENTRAL,67,,2024-03-30
1994,1994,WH-NORTH,312,48.0,2024-05-28
1995,1995,WH-WEST,201,25.0,2025-07-01
1996,1996,WH-EAST,323,18.0,2025-01-19
1997,1997,WH-SOUTH,233,41.0,2024-01-17
1998,1998,WH-CENTRAL,382,11.0,2025-07-05
1999,1999,WH-CENTRAL,178,20.0,2025-09-28
2000,2000,WH-CENTRAL,297,47.0,2025-09-08
2001,2001,WH-CENTRAL,72,49.0,2025-07-30
2002,2002,WH-SOUTH,-17,25.0,2025-11-25
2003,2003,WH-EAST,485,23.0,2025-02-14
2004,2004,WH-EAST,270,10.0,2025-11-04
2005,2005,WH-EAST,222,33.0,2025-10-26
2006,2006,WH-CENTRAL,231,24.0,2024-08-07
2007,2007,WH-SOUTH,321,30.0,2025-08-27
2008,2008,WH-WEST,394,31.0,2025-07-08
2009,2009,WH-CENTRAL,102,18.0,2025-06-27
2010,2010,WH-SOUTH,129,39.0,2025-09-19
2011,2011,WH-NORTH,183,12.0,2024-09-25
2012,2012,WH-EAST,369,13.0,2024-10-07
2013,2013,WH-CENTRAL,398,40.0,2025-03-24
2014,2014,WH-CENTRAL,391,40.0,2025-05-31
2015,2015,WH-SOUTH,286,49.0,2025-09-07
2016,2016,WH-EAST,358,33.0,2025-09-05
2017,2017,WH-WEST,385,11.0,2025-05-19
2018,2018,WH-NORTH,-1,30.0,2025-10-31
2019,2019,WH-SOUTH,54,30.0,2024-05-05
2020,2020,WH-WEST,140,38.0,2025-10-27
2021,2021,WH-WEST,477,10.0,2024-02-14
2022,2022,WH-NORTH,11,36.0,2025-01-23
2023,2023,WH-NORTH,37,31.0,2024-03-04
2024,2024,WH-NORTH,51,32.0,2025-02-01
2025,2025,WH-WEST,326,43.0,2024-09-30
2026,2026,WH-SOUTH,34,23.0,2024-02-27
2027,2027,WH-WEST,330,32.0,2025-03-29
2028,2028,WH-SOUTH,260,21.0,2025-05-26
2029,2029,WH-WEST,17,47.0,2024-05-01
2030,2030,WH-NORTH,25,32.0,2025-05-01
2031,2031,WH-EAST,362,10.0,2024-05-05
2032,2032,WH-CENTRAL,11,25.0,2024-04-06
2033,2033,WH-WEST,373,24.0,2024-04-13
2034,2034,WH-CENTRAL,361,45.0,2025-02-23
2035,2035,WH-CENTRAL,1,23.0,2025-06-29
2036,2036,WH-CENTRAL,308,10.0,2025-02-21
2037,2037,WH-WEST,100,37.0,2025-07-20
2038,2038,WH-EAST,236,18.0,2025-02-18
2039,2039,WH-CENTRAL,231,40.0,2025-07-12
2040,2040,WH-WEST,66,17.0,2025-11-14
2041,2041,WH-WEST,123,20.0,2024-09-30
2042,2042,WH-WEST,474,,2024-04-14
2043,2043,WH-WEST,166,20.0,2024-04-04
2044,2044,WH-WEST,137,39.0,2025-02-22
2045,2045,WH-SOUTH,326,25.0,2025-01-17
2046,2046,WH-SOUTH,345,34.0,2024-05-08
2047,2047,WH-CENTRAL,232,21.0,2025-09-09
2048,2048,WH-SOUTH,198,10.0,2025-10-31
2049,2049,WH-WEST,-7,48.0,2024-06-26
2050,2050,WH-WEST,99,22.0,2024-05-24
2051,2051,WH-SOUTH,104,32.0,2024-05-29
2052,2052,WH-CENTRAL,134,41.0,2024-09-28
2053,2053,WH-CENTRAL,2,48.0,2025-08-20
2054,2054,WH-NORTH,139,26.0,2025-02-21
2055,2055,WH-SOUTH,367,10.0,2024-02-17
2056,2056,WH-WEST,331,30.0,2024-11-27
2057,2057,WH-WEST,392,25.0,2024-03-04
2058,2058,WH-NORTH,263,43.0,2024-10-11
2059,2059,WH-SOUTH,496,28.0,2024-10-09
2060,2060,WH-CENTRAL,193,29.0,2025-03-29
2061,2061,WH-EAST,44,40.0,2025-01-19
2062,2062,WH-NORTH,353,16.0,2025-09-04
2063,2063,WH-CENTRAL,107,21.0,2024-01-12
2064,2064,WH-WEST,384,11.0,2025-06-25
2065,2065,WH-NORTH,302,25.0,2024-01-16
2066,2066,WH-NORTH,25,42.0,2024-08-01
2067,2067,WH-EAST,246,49.0,2025-09-07
2068,2068,WH-CENTRAL,193,11.0,2025-04-28
2069,2069,WH-EAST,73,34.0,2024-04-30
2070,2070,WH-NORTH,172,23.0,2024-12-09
2071,2071,WH-CENTRAL,138,15.0,2025-05-20
2072,2072,WH-SOUTH,188,21.0,2025-10-18
2073,2073,WH-NORTH,457,42.0,2025-03-20
2074,2074,WH-EAST,283,14.0,2024-01-18
2075,2075,WH-EAST,77,15.0,2024-12-15
2076,2076,WH-EAST,230,41.0,2024-04-17
2077,2077,WH-EAST,409,38.0,2024-02-03
2078,2078,WH-EAST,311,20.0,2025-02-22
2079,2079,WH-WEST,248,43.0,2025-06-27
2080,2080,WH-NORTH,213,31.0,2024-01-26
2081,2081,WH-SOUTH,252,21.0,2025-07-02
2082,2082,WH-SOUTH,177,13.0,2025-05-09
2083,2083,WH-CENTRAL,92,38.0,2025-06-10
2084,2084,WH-WEST,147,18.0,2024-06-20
2085,2085,WH-NORTH,412,17.0,2024-10-02
2086,2086,WH-EAST,47,30.0,2024-03-24
2087,2087,WH-EAST,225,32.0,2024-06-16
2088,2088,WH-SOUTH,92,32.0,2024-07-30
2089,2089,WH-SOUTH,84,48.0,2024-08-11
2090,2090,WH-WEST,308,44.0,2024-05-02
2091,2091,WH-NORTH,197,13.0,2024-05-12
2092,2092,WH-NORTH,95,26.0,2025-09-23
2093,2093,WH-CENTRAL,348,17.0,2025-07-02
2094,2094,WH-EAST,498,37.0,2024-08-29
2095,2095,WH-NORTH,105,23.0,2025-10-25
2096,2096,WH-NORTH,250,38.0,2024-06-16
2097,2097,WH-WEST,474,46.0,2024-10-11
2098,2098,WH-WEST,158,13.0,2025-07-23
2099,2099,WH-CENTRAL,217,44.0,2024-11-06
2100,2100,WH-EAST,421,38.0,2024-06-13
2101,2101,WH-CENTRAL,421,44.0,2024-09-14
2102,2102,WH-WEST,34,20.0,2024-12-16
2103,2103,WH-EAST,161,20.0,2025-03-10
2104,2104,WH-WEST,69,39.0,2024-10-10
2105,2105,WH-WEST,175,41.0,2024-10-28
2106,2106,WH-CENTRAL,492,48.0,2024-07-03
2107,2107,WH-SOUTH,139,38.0,2025-01-09
2108,2108,WH-SOUTH,424,47.0,2024-06-02
2109,2109,WH-CENTRAL,34,17.0,2025-08-30
2110,2110,WH-WEST,134,46.0,2025-06-07
2111,2111,WH-WEST,433,28.0,2024-10-14
2112,2112,WH-WEST,230,36.0,2025-06-07
2113,2113,WH-SOUTH,497,21.0,2024-01-05
2114,2114,WH-EAST,205,12.0,2024-08-29
2115,2115,WH-NORTH,209,37.0,2024-11-04
2116,2116,WH-CENTRAL,455,34.0,2024-11-24
2117,2117,WH-CENTRAL,196,20.0,2025-06-08
2118,2118,WH-WEST,174,38.0,2025-11-04
2119,2119,WH-WEST,417,43.0,2024-09-22
2120,2120,WH-SOUTH,459,38.0,2024-09-02
2121,2121,WH-WEST,450,44.0,2025-03-03
2122,2122,WH-EAST,191,43.0,2024-07-15
2123,2123,WH-CENTRAL,139,10.0,2024-04-08
2124,2124,WH-NORTH,421,31.0,2025-11-04
2125,2125,WH-WEST,336,35.0,2025-07-20
2126,2126,WH-EAST,256,28.0,2025-11-01
2127,2127,WH-NORTH,216,47.0,2024-06-01
2128,2128,WH-SOUTH,259,44.0,2024-01-13
2129,2129,WH-NORTH,196,33.0,2024-11-02
2130,2130,WH-CENTRAL,492,22.0,2025-10-15
2131,2131,WH-EAST,33,36.0,2024-04-06
2132,2132,WH-CENTRAL,10,15.0,2024-03-23
2133,2133,WH-NORTH,157,22.0,2024-02-18
2134,2134,WH-CENTRAL,75,20.0,2025-06-19
2135,2135,WH-NORTH,55,44.0,2025-07-04
2136,2136,WH-SOUTH,210,29.0,2025-05-01
2137,2137,WH-CENTRAL,243,47.0,2024-02-07
2138,2138,WH-CENTRAL,47,46.0,2025-05-21
2139,2139,WH-CENTRAL,307,25.0,2024-11-10
2140,2140,WH-NORTH,347,27.0,2024-04-20
2141,2141,WH-CENTRAL,456,19.0,2024-07-25
2142,2142,WH-CENTRAL,64,10.0,2024-12-16
2143,2143,WH-SOUTH,296,29.0,2024-08-18
2144,2144,WH-WEST,260,17.0,2025-11-09
2145,2145,WH-CENTRAL,434,37.0,2024-11-28
2146,2146,WH-NORTH,373,38.0,2024-09-17
2147,2147,WH-NORTH,400,18.0,2025-04-16
2148,2148,WH-CENTRAL,124,40.0,2025-03-31
2149,2149,WH-SOUTH,182,32.0,2024-01-02
2150,2150,WH-NORTH,461,35.0,2025-03-08
2151,2151,WH-EAST,492,26.0,2024-06-19
2152,2152,WH-SOUTH,404,49.0,2024-09-19
2153,2153,WH-SOUTH,79,20.0,2025-05-09
2154,2154,WH-CENTRAL,21,29.0,2025-01-25
2155,2155,WH-WEST,430,35.0,2024-09-15
2156,2156,WH-NORTH,399,16.0,2024-04-27
2157,2157,WH-CENTRAL,340,47.0,2024-12-19
2158,2158,WH-CENTRAL,452,26.0,2024-08-11
2159,2159,WH-EAST,211,38.0,2025-10-01
2160,2160,WH-WEST,495,40.0,2025-01-09
2161,2161,WH-CENTRAL,367,29.0,2025-08-29
2162,2162,WH-NORTH,229,44.0,2024-09-30
2163,2163,WH-WEST,327,48.0,2025-08-02
2164,2164,WH-NORTH,162,43.0,2024-02-09
2165,2165,WH-EAST,126,15.0,2024-07-27
2166,2166,WH-WEST,336,40.0,2024-02-24
2167,2167,WH-SOUTH,-9,13.0,2024-01-23
2168,2168,WH-WEST,449,17.0,2025-10-05
2169,2169,WH-NORTH,444,38.0,2025-05-16
2170,2170,WH-CENTRAL,390,21.0,2025-03-13
2171,2171,WH-EAST,6,41.0,2025-01-07
2172,2172,WH-WEST,378,44.0,2025-02-02
2173,2173,WH-EAST,120,22.0,2025-03-23
2174,2174,WH-NORTH,50,47.0,2025-08-01
2175,2175,WH-NORTH,135,29.0,2025-02-21
2176,2176,WH-NORTH,145,49.0,2025-06-08
2177,2177,WH-CENTRAL,384,30.0,2024-07-15
2178,2178,WH-SOUTH,232,46.0,2025-11-14
2179,2179,WH-EAST,463,12.0,2024-01-23
2180,2180,WH-SOUTH,77,14.0,2024-09-27
2181,2181,WH-SOUTH,35,16.0,2025-09-09
2182,2182,WH-EAST,21,46.0,2024-05-06
2183,2183,WH-NORTH,178,43.0,2024-04-08
2184,2184,WH-SOUTH,401,41.0,2024-09-12
2185,2185,WH-EAST,349,11.0,2024-10-26
2186,2186,WH-WEST,64,42.0,2025-10-15
2187,2187,WH-SOUTH,264,14.0,2025-08-08
2188,2188,WH-NORTH,358,21.0,2024-11-20
2189,2189,WH-CENTRAL,376,14.0,2025-11-12
2190,2190,WH-EAST,449,41.0,2025-03-25
2191,2191,WH-SOUTH,114,39.0,2025-09-03
2192,2192,WH-NORTH,207,15.0,2024-06-21
2193,2193,WH-NORTH,473,11.0,2024-12-08
2194,2194,WH-EAST,171,29.0,2024-01-21
2195,2195,WH-WEST,15,,2024-01-07
2196,2196,WH-NORTH,337,41.0,2025-05-08
2197,2197,WH-EAST,153,42.0,2024-03-23
2198,2198,WH-SOUTH,390,44.0,2025-01-18
2199,2199,WH-WEST,40,44.0,2025-05-02
2200,2200,WH-EAST,499,36.0,2024-01-23
2201,2201,WH-EAST,282,37.0,2024-11-10
2202,2202,WH-WEST,41,43.0,2025-04-23
2203,2203,WH-NORTH,151,12.0,2025-09-14
2204,2204,WH-NORTH,113,12.0,2024-07-28
2205,2205,WH-SOUTH,231,18.0,2025-11-12
2206,2206,WH-SOUTH,371,16.0,2025-08-14
2207,2207,WH-CENTRAL,293,18.0,2025-03-31
2208,2208,WH-CENTRAL,364,13.0,2024-10-01
2209,2209,WH-SOUTH,222,34.0,2025-05-12
2210,2210,WH-WEST,377,44.0,2025-07-25
2211,2211,WH-CENTRAL,65,30.0,2024-07-31
2212,2212,WH-CENTRAL,499,20.0,2025-11-25
2213,2213,WH-WEST,492,34.0,2025-09-28
2214,2214,WH-NORTH,496,27.0,2024-12-05
2215,2215,WH-EAST,227,43.0,2025-05-20
2216,2216,WH-NORTH,151,18.0,2025-01-01
2217,2217,WH-EAST,281,18.0,2025-06-16
2218,2218,WH-WEST,217,11.0,2025-08-01
2219,2219,WH-CENTRAL,199,47.0,2024-01-17
2220,2220,WH-WEST,183,35.0,2024-02-25
2221,2221,WH-NORTH,130,24.0,2024-08-23
2222,2222,WH-WEST,376,30.0,2025-10-04
